<?xml version="1.0" encoding="UTF-8"?>
<kml xmlns="http://www.opengis.net/kml/2.2" xmlns:gx="http://www.google.com/kml/ext/2.2" xmlns:kml="http://www.opengis.net/kml/2.2" xmlns:atom="http://www.w3.org/2005/Atom">
<Document id="document">
	<name>Untitled map</name>
	<visibility>0</visibility>
	<gx:CascadingStyle kml:id="__managed_style_2439DBA0853E86E3D2D7">
		<Style>
			<IconStyle>
				<scale>1.2</scale>
				<Icon>
					<href>https://earth.google.com/earth/document/icon?color=1976d2&amp;id=2000&amp;scale=4</href>
				</Icon>
				<hotSpot x="64" y="128" xunits="pixels" yunits="insetPixels"/>
			</IconStyle>
			<LabelStyle>
			</LabelStyle>
			<LineStyle>
				<color>ff2dc0fb</color>
				<width>4.8</width>
			</LineStyle>
			<PolyStyle>
				<color>c02dc0fb</color>
			</PolyStyle>
			<BalloonStyle>
				<displayMode>hide</displayMode>
			</BalloonStyle>
		</Style>
	</gx:CascadingStyle>
	<gx:CascadingStyle kml:id="__managed_style_1061CBADA83E86E3D2D7">
		<Style>
			<IconStyle>
				<Icon>
					<href>https://earth.google.com/earth/document/icon?color=1976d2&amp;id=2000&amp;scale=4</href>
				</Icon>
				<hotSpot x="64" y="128" xunits="pixels" yunits="insetPixels"/>
			</IconStyle>
			<LabelStyle>
			</LabelStyle>
			<LineStyle>
				<color>ff2dc0fb</color>
				<width>3.2</width>
			</LineStyle>
			<PolyStyle>
				<color>c02dc0fb</color>
			</PolyStyle>
			<BalloonStyle>
				<displayMode>hide</displayMode>
			</BalloonStyle>
		</Style>
	</gx:CascadingStyle>
	<gx:CascadingStyle kml:id="__managed_style_46A819CF293E86E3D2D6">
		<Style>
			<IconStyle>
				<Icon>
					<href>https://earth.google.com/earth/document/icon?color=1976d2&amp;id=2000&amp;scale=4</href>
				</Icon>
				<hotSpot x="64" y="128" xunits="pixels" yunits="insetPixels"/>
			</IconStyle>
			<LabelStyle>
			</LabelStyle>
			<LineStyle>
				<color>ff000000</color>
				<width>1.6</width>
			</LineStyle>
			<PolyStyle>
				<color>40ffffff</color>
			</PolyStyle>
			<BalloonStyle>
				<displayMode>hide</displayMode>
			</BalloonStyle>
		</Style>
	</gx:CascadingStyle>
	<StyleMap id="__managed_style_3A66B9D59E3E86E3D2D6">
		<Pair>
			<key>normal</key>
			<styleUrl>#__managed_style_46A819CF293E86E3D2D6</styleUrl>
		</Pair>
		<Pair>
			<key>highlight</key>
			<styleUrl>#__managed_style_535A454D113E86E3D2D6</styleUrl>
		</Pair>
	</StyleMap>
	<StyleMap id="__managed_style_69D40061F03E86E3D2D6">
		<Pair>
			<key>normal</key>
			<styleUrl>#__managed_style_77CC372C873E86E3D2D6</styleUrl>
		</Pair>
		<Pair>
			<key>highlight</key>
			<styleUrl>#__managed_style_8031363A623E86E3D2D6</styleUrl>
		</Pair>
	</StyleMap>
	<gx:CascadingStyle kml:id="__managed_style_2336EBD8F93E86E3D2D6">
		<Style>
			<IconStyle>
				<scale>1.2</scale>
				<Icon>
					<href>https://earth.google.com/earth/document/icon?color=1976d2&amp;id=2000&amp;scale=4</href>
				</Icon>
				<hotSpot x="64" y="128" xunits="pixels" yunits="insetPixels"/>
			</IconStyle>
			<LabelStyle>
			</LabelStyle>
			<LineStyle>
				<color>ff424242</color>
				<width>4.8</width>
			</LineStyle>
			<PolyStyle>
				<color>c0424242</color>
			</PolyStyle>
			<BalloonStyle>
				<displayMode>hide</displayMode>
			</BalloonStyle>
		</Style>
	</gx:CascadingStyle>
	<StyleMap id="__managed_style_F1B2D3E52E3E86E3D2D4">
		<Pair>
			<key>normal</key>
			<styleUrl>#__managed_style_100D8F76A373E86E3D2D4</styleUrl>
		</Pair>
		<Pair>
			<key>highlight</key>
			<styleUrl>#__managed_style_1185F96FB733E86E3D2D4</styleUrl>
		</Pair>
	</StyleMap>
	<gx:CascadingStyle kml:id="__managed_style_1185F96FB733E86E3D2D4">
		<Style>
			<IconStyle>
				<scale>1.2</scale>
				<Icon>
					<href>https://earth.google.com/earth/document/icon?color=1976d2&amp;id=2000&amp;scale=4</href>
				</Icon>
				<hotSpot x="64" y="128" xunits="pixels" yunits="insetPixels"/>
			</IconStyle>
			<LabelStyle>
			</LabelStyle>
			<LineStyle>
				<color>ff6b7900</color>
				<width>2.4</width>
			</LineStyle>
			<PolyStyle>
				<color>40ffffff</color>
			</PolyStyle>
			<BalloonStyle>
				<displayMode>hide</displayMode>
			</BalloonStyle>
		</Style>
	</gx:CascadingStyle>
	<gx:CascadingStyle kml:id="__managed_style_D039FB50423E86E3D2D4">
		<Style>
			<IconStyle>
				<Icon>
					<href>https://earth.google.com/earth/document/icon?color=1976d2&amp;id=2000&amp;scale=4</href>
				</Icon>
				<hotSpot x="64" y="128" xunits="pixels" yunits="insetPixels"/>
			</IconStyle>
			<LabelStyle>
			</LabelStyle>
			<LineStyle>
				<color>ffbc47ab</color>
				<width>1.6</width>
			</LineStyle>
			<PolyStyle>
				<color>40ffffff</color>
			</PolyStyle>
			<BalloonStyle>
				<displayMode>hide</displayMode>
			</BalloonStyle>
		</Style>
	</gx:CascadingStyle>
	<gx:CascadingStyle kml:id="__managed_style_1A2529B24B3E86E3D2D6">
		<Style>
			<IconStyle>
				<Icon>
					<href>https://earth.google.com/earth/document/icon?color=1976d2&amp;id=2000&amp;scale=4</href>
				</Icon>
				<hotSpot x="64" y="128" xunits="pixels" yunits="insetPixels"/>
			</IconStyle>
			<LabelStyle>
			</LabelStyle>
			<LineStyle>
				<color>ff424242</color>
				<width>3.2</width>
			</LineStyle>
			<PolyStyle>
				<color>c0424242</color>
			</PolyStyle>
			<BalloonStyle>
				<displayMode>hide</displayMode>
			</BalloonStyle>
		</Style>
	</gx:CascadingStyle>
	<gx:CascadingStyle kml:id="__managed_style_100D8F76A373E86E3D2D4">
		<Style>
			<IconStyle>
				<Icon>
					<href>https://earth.google.com/earth/document/icon?color=1976d2&amp;id=2000&amp;scale=4</href>
				</Icon>
				<hotSpot x="64" y="128" xunits="pixels" yunits="insetPixels"/>
			</IconStyle>
			<LabelStyle>
			</LabelStyle>
			<LineStyle>
				<color>ff6b7900</color>
				<width>1.6</width>
			</LineStyle>
			<PolyStyle>
				<color>40ffffff</color>
			</PolyStyle>
			<BalloonStyle>
				<displayMode>hide</displayMode>
			</BalloonStyle>
		</Style>
	</gx:CascadingStyle>
	<gx:CascadingStyle kml:id="__managed_style_77CC372C873E86E3D2D6">
		<Style>
			<IconStyle>
				<Icon>
					<href>https://earth.google.com/earth/document/icon?color=1976d2&amp;id=2000&amp;scale=4</href>
				</Icon>
				<hotSpot x="64" y="128" xunits="pixels" yunits="insetPixels"/>
			</IconStyle>
			<LabelStyle>
			</LabelStyle>
			<LineStyle>
				<color>ff9f3f30</color>
				<width>3.2</width>
			</LineStyle>
			<PolyStyle>
				<color>40ffffff</color>
			</PolyStyle>
			<BalloonStyle>
				<displayMode>hide</displayMode>
			</BalloonStyle>
		</Style>
	</gx:CascadingStyle>
	<gx:CascadingStyle kml:id="__managed_style_BD9EB151933E86E3D2D4">
		<Style>
			<IconStyle>
				<scale>1.2</scale>
				<Icon>
					<href>https://earth.google.com/earth/document/icon?color=1976d2&amp;id=2000&amp;scale=4</href>
				</Icon>
				<hotSpot x="64" y="128" xunits="pixels" yunits="insetPixels"/>
			</IconStyle>
			<LabelStyle>
			</LabelStyle>
			<LineStyle>
				<color>ff37405d</color>
				<width>4.8</width>
			</LineStyle>
			<PolyStyle>
				<color>c037405d</color>
			</PolyStyle>
			<BalloonStyle>
				<displayMode>hide</displayMode>
			</BalloonStyle>
		</Style>
	</gx:CascadingStyle>
	<StyleMap id="__managed_style_636A0634E43E86E3D2D4">
		<Pair>
			<key>normal</key>
			<styleUrl>#__managed_style_7C61AA98513E86E3D2D4</styleUrl>
		</Pair>
		<Pair>
			<key>highlight</key>
			<styleUrl>#__managed_style_886801CDFF3E86E3D2D4</styleUrl>
		</Pair>
	</StyleMap>
	<StyleMap id="__managed_style_0749AFC52B3E86E3D2D6">
		<Pair>
			<key>normal</key>
			<styleUrl>#__managed_style_1A2529B24B3E86E3D2D6</styleUrl>
		</Pair>
		<Pair>
			<key>highlight</key>
			<styleUrl>#__managed_style_2336EBD8F93E86E3D2D6</styleUrl>
		</Pair>
	</StyleMap>
	<gx:CascadingStyle kml:id="__managed_style_ACD458FC8A3E86E3D2D4">
		<Style>
			<IconStyle>
				<Icon>
					<href>https://earth.google.com/earth/document/icon?color=1976d2&amp;id=2000&amp;scale=4</href>
				</Icon>
				<hotSpot x="64" y="128" xunits="pixels" yunits="insetPixels"/>
			</IconStyle>
			<LabelStyle>
			</LabelStyle>
			<LineStyle>
				<color>ff37405d</color>
				<width>3.2</width>
			</LineStyle>
			<PolyStyle>
				<color>c037405d</color>
			</PolyStyle>
			<BalloonStyle>
				<displayMode>hide</displayMode>
			</BalloonStyle>
		</Style>
	</gx:CascadingStyle>
	<StyleMap id="__managed_style_C2EC5D77133E86E3D2D4">
		<Pair>
			<key>normal</key>
			<styleUrl>#__managed_style_D039FB50423E86E3D2D4</styleUrl>
		</Pair>
		<Pair>
			<key>highlight</key>
			<styleUrl>#__managed_style_E1687C28B43E86E3D2D4</styleUrl>
		</Pair>
	</StyleMap>
	<gx:CascadingStyle kml:id="__managed_style_540026F7773E86E3D2D4">
		<Style>
			<IconStyle>
				<scale>1.2</scale>
				<Icon>
					<href>https://earth.google.com/earth/document/icon?color=1976d2&amp;id=2000&amp;scale=4</href>
				</Icon>
				<hotSpot x="64" y="128" xunits="pixels" yunits="insetPixels"/>
			</IconStyle>
			<LabelStyle>
			</LabelStyle>
			<LineStyle>
				<color>ff007cf5</color>
				<width>2.4</width>
			</LineStyle>
			<PolyStyle>
				<color>40ffffff</color>
			</PolyStyle>
			<BalloonStyle>
				<displayMode>hide</displayMode>
			</BalloonStyle>
		</Style>
	</gx:CascadingStyle>
	<gx:CascadingStyle kml:id="__managed_style_4095B215DD3E86E3D2D4">
		<Style>
			<IconStyle>
				<Icon>
					<href>https://earth.google.com/earth/document/icon?color=1976d2&amp;id=2000&amp;scale=4</href>
				</Icon>
				<hotSpot x="64" y="128" xunits="pixels" yunits="insetPixels"/>
			</IconStyle>
			<LabelStyle>
			</LabelStyle>
			<LineStyle>
				<color>ff007cf5</color>
				<width>1.6</width>
			</LineStyle>
			<PolyStyle>
				<color>40ffffff</color>
			</PolyStyle>
			<BalloonStyle>
				<displayMode>hide</displayMode>
			</BalloonStyle>
		</Style>
	</gx:CascadingStyle>
	<gx:CascadingStyle kml:id="__managed_style_886801CDFF3E86E3D2D4">
		<Style>
			<IconStyle>
				<scale>1.2</scale>
				<Icon>
					<href>https://earth.google.com/earth/document/icon?color=1976d2&amp;id=2000&amp;scale=4</href>
				</Icon>
				<hotSpot x="64" y="128" xunits="pixels" yunits="insetPixels"/>
			</IconStyle>
			<LabelStyle>
			</LabelStyle>
			<LineStyle>
				<color>ffd27619</color>
				<width>4.8</width>
			</LineStyle>
			<PolyStyle>
				<color>c0d27619</color>
			</PolyStyle>
			<BalloonStyle>
				<displayMode>hide</displayMode>
			</BalloonStyle>
		</Style>
	</gx:CascadingStyle>
	<StyleMap id="__managed_style_00F156A9663E86E3D2D7">
		<Pair>
			<key>normal</key>
			<styleUrl>#__managed_style_1061CBADA83E86E3D2D7</styleUrl>
		</Pair>
		<Pair>
			<key>highlight</key>
			<styleUrl>#__managed_style_2439DBA0853E86E3D2D7</styleUrl>
		</Pair>
	</StyleMap>
	<gx:CascadingStyle kml:id="__managed_style_8031363A623E86E3D2D6">
		<Style>
			<IconStyle>
				<scale>1.2</scale>
				<Icon>
					<href>https://earth.google.com/earth/document/icon?color=1976d2&amp;id=2000&amp;scale=4</href>
				</Icon>
				<hotSpot x="64" y="128" xunits="pixels" yunits="insetPixels"/>
			</IconStyle>
			<LabelStyle>
			</LabelStyle>
			<LineStyle>
				<color>ff9f3f30</color>
				<width>4.8</width>
			</LineStyle>
			<PolyStyle>
				<color>40ffffff</color>
			</PolyStyle>
			<BalloonStyle>
				<displayMode>hide</displayMode>
			</BalloonStyle>
		</Style>
	</gx:CascadingStyle>
	<StyleMap id="__managed_style_35D0ADCA783E86E3D2D4">
		<Pair>
			<key>normal</key>
			<styleUrl>#__managed_style_4095B215DD3E86E3D2D4</styleUrl>
		</Pair>
		<Pair>
			<key>highlight</key>
			<styleUrl>#__managed_style_540026F7773E86E3D2D4</styleUrl>
		</Pair>
	</StyleMap>
	<StyleMap id="__managed_style_005D592EF63E86E3D2D4">
		<Pair>
			<key>normal</key>
			<styleUrl>#__managed_style_1A13FACD513E86E3D2D4</styleUrl>
		</Pair>
		<Pair>
			<key>highlight</key>
			<styleUrl>#__managed_style_2A2845780F3E86E3D2D4</styleUrl>
		</Pair>
	</StyleMap>
	<gx:CascadingStyle kml:id="__managed_style_7C61AA98513E86E3D2D4">
		<Style>
			<IconStyle>
				<Icon>
					<href>https://earth.google.com/earth/document/icon?color=1976d2&amp;id=2000&amp;scale=4</href>
				</Icon>
				<hotSpot x="64" y="128" xunits="pixels" yunits="insetPixels"/>
			</IconStyle>
			<LabelStyle>
			</LabelStyle>
			<LineStyle>
				<color>ffd27619</color>
				<width>3.2</width>
			</LineStyle>
			<PolyStyle>
				<color>c0d27619</color>
			</PolyStyle>
			<BalloonStyle>
				<displayMode>hide</displayMode>
			</BalloonStyle>
		</Style>
	</gx:CascadingStyle>
	<gx:CascadingStyle kml:id="__managed_style_535A454D113E86E3D2D6">
		<Style>
			<IconStyle>
				<scale>1.2</scale>
				<Icon>
					<href>https://earth.google.com/earth/document/icon?color=1976d2&amp;id=2000&amp;scale=4</href>
				</Icon>
				<hotSpot x="64" y="128" xunits="pixels" yunits="insetPixels"/>
			</IconStyle>
			<LabelStyle>
			</LabelStyle>
			<LineStyle>
				<color>ff000000</color>
				<width>2.4</width>
			</LineStyle>
			<PolyStyle>
				<color>40ffffff</color>
			</PolyStyle>
			<BalloonStyle>
				<displayMode>hide</displayMode>
			</BalloonStyle>
		</Style>
	</gx:CascadingStyle>
	<gx:CascadingStyle kml:id="__managed_style_E1687C28B43E86E3D2D4">
		<Style>
			<IconStyle>
				<scale>1.2</scale>
				<Icon>
					<href>https://earth.google.com/earth/document/icon?color=1976d2&amp;id=2000&amp;scale=4</href>
				</Icon>
				<hotSpot x="64" y="128" xunits="pixels" yunits="insetPixels"/>
			</IconStyle>
			<LabelStyle>
			</LabelStyle>
			<LineStyle>
				<color>ffbc47ab</color>
				<width>2.4</width>
			</LineStyle>
			<PolyStyle>
				<color>40ffffff</color>
			</PolyStyle>
			<BalloonStyle>
				<displayMode>hide</displayMode>
			</BalloonStyle>
		</Style>
	</gx:CascadingStyle>
	<StyleMap id="__managed_style_9943E41F1D3E86E3D2D4">
		<Pair>
			<key>normal</key>
			<styleUrl>#__managed_style_ACD458FC8A3E86E3D2D4</styleUrl>
		</Pair>
		<Pair>
			<key>highlight</key>
			<styleUrl>#__managed_style_BD9EB151933E86E3D2D4</styleUrl>
		</Pair>
	</StyleMap>
	<gx:CascadingStyle kml:id="__managed_style_2A2845780F3E86E3D2D4">
		<Style>
			<IconStyle>
				<scale>1.2</scale>
				<Icon>
					<href>https://earth.google.com/earth/document/icon?color=1976d2&amp;id=2000&amp;scale=4</href>
				</Icon>
				<hotSpot x="64" y="128" xunits="pixels" yunits="insetPixels"/>
			</IconStyle>
			<LabelStyle>
			</LabelStyle>
			<LineStyle>
				<color>ff2f2fd3</color>
				<width>9.6</width>
			</LineStyle>
			<PolyStyle>
				<color>40ffffff</color>
			</PolyStyle>
			<BalloonStyle>
				<displayMode>hide</displayMode>
			</BalloonStyle>
		</Style>
	</gx:CascadingStyle>
	<gx:CascadingStyle kml:id="__managed_style_1A13FACD513E86E3D2D4">
		<Style>
			<IconStyle>
				<Icon>
					<href>https://earth.google.com/earth/document/icon?color=1976d2&amp;id=2000&amp;scale=4</href>
				</Icon>
				<hotSpot x="64" y="128" xunits="pixels" yunits="insetPixels"/>
			</IconStyle>
			<LabelStyle>
			</LabelStyle>
			<LineStyle>
				<color>ff2f2fd3</color>
				<width>6.4</width>
			</LineStyle>
			<PolyStyle>
				<color>40ffffff</color>
			</PolyStyle>
			<BalloonStyle>
				<displayMode>hide</displayMode>
			</BalloonStyle>
		</Style>
	</gx:CascadingStyle>
	<Placemark id="0237118EA83E8618B000">
		<name>24R/06L</name>
		<LookAt>
			<longitude>-73.73547722099471</longitude>
			<latitude>45.47417346989469</latitude>
			<altitude>39.95063373395948</altitude>
			<heading>0</heading>
			<tilt>0</tilt>
			<gx:fovy>35</gx:fovy>
			<range>2646.722941264452</range>
			<altitudeMode>absolute</altitudeMode>
		</LookAt>
		<styleUrl>#__managed_style_005D592EF63E86E3D2D4</styleUrl>
		<LineString>
			<coordinates>
				-73.76353495399283,45.4621919428182,0 -73.73724515500398,45.48226614687065,0 
			</coordinates>
		</LineString>
	</Placemark>
	<Placemark id="07624952703E86197EA6">
		<name>24L/06R</name>
		<LookAt>
			<longitude>-73.73959726841137</longitude>
			<latitude>45.45926621958908</latitude>
			<altitude>30.00600583213333</altitude>
			<heading>0</heading>
			<tilt>0</tilt>
			<gx:fovy>35</gx:fovy>
			<range>165.7373692762667</range>
			<altitudeMode>absolute</altitudeMode>
		</LookAt>
		<styleUrl>#__managed_style_005D592EF63E86E3D2D4</styleUrl>
		<LineString>
			<coordinates>
				-73.72386475129562,45.47104246052136,0 -73.73947684453886,45.45912999014259,0 
			</coordinates>
		</LineString>
	</Placemark>
	<Placemark id="0E1FFFFCD43E861BB3F1">
		<name>Taxiway</name>
		<LookAt>
			<longitude>-73.76044583989797</longitude>
			<latitude>45.4611977726295</latitude>
			<altitude>28.2739846955114</altitude>
			<heading>0</heading>
			<tilt>0</tilt>
			<gx:fovy>35</gx:fovy>
			<range>110.6396959662197</range>
			<altitudeMode>absolute</altitudeMode>
		</LookAt>
		<styleUrl>#__managed_style_35D0ADCA783E86E3D2D4</styleUrl>
		<LineString>
			<coordinates>
				-73.73948041984204,45.45913111901663,0 -73.74009025378881,45.45866298190818,0 -73.74033322637645,45.45860712193044,0 -73.74053432574102,45.4585975996953,0 -73.74071353518318,45.45864120112661,0 -73.74080120855142,45.458681220268,0 -73.74125100478919,45.45897266642345,0 -73.74220843289946,45.45959279401771,0 -73.74229265478802,45.45963601644713,0 -73.7424049146839,45.4596692234624,0 -73.74253382789787,45.45968329680647,0 -73.74300844821524,45.45966681737556,0 -73.74312378462378,45.45967013056348,0 -73.7432473973011,45.45968423476717,0 -73.74334267125391,45.45971204007595,0 -73.7434044050211,45.45973782126632,0 -73.743481067422,45.4597858178314,0 -73.74370665735765,45.45993396066046,0 -73.74394762763808,45.46009812897991,0 -73.74430005824878,45.46034531641638,0 -73.7450737080527,45.46095697071474,0 -73.7452293336025,45.46109148228129,0 -73.74536137065415,45.46121155497656,0 -73.74552754863332,45.46135016652317,0 -73.74566079753872,45.46143806953219,0 -73.74582543948253,45.46152133389641,0 -73.74605185510818,45.46159050506693,0 -73.746287743645,45.46162097044716,0 -73.76069413251886,45.46120310702087,0 
			</coordinates>
		</LineString>
	</Placemark>
	<Placemark id="01884E681F3E861D8F43">
		<name>Taxiway</name>
		<LookAt>
			<longitude>-73.76139501502206</longitude>
			<latitude>45.462936833646</latitude>
			<altitude>28.97522645549347</altitude>
			<heading>0</heading>
			<tilt>0</tilt>
			<gx:fovy>35</gx:fovy>
			<range>386.067626926124</range>
			<altitudeMode>absolute</altitudeMode>
		</LookAt>
		<styleUrl>#__managed_style_35D0ADCA783E86E3D2D4</styleUrl>
		<LineString>
			<coordinates>
				-73.7606941015807,45.46120364231386,0 -73.76109740119668,45.46119216175353,0 -73.76123869962565,45.46120942586025,0 -73.76137407303767,45.46125138478548,0 -73.76152118693878,45.46133842472724,0 -73.76157784883465,45.4613923803169,0 -73.7617962547624,45.4617971551293,0 -73.76232353092242,45.4627904667086,0 -73.76235488110714,45.46288873891128,0 -73.76234478354645,45.4629839023689,0 -73.76231620427441,45.46306600954649,0 -73.76224767040884,45.46316214496617,0 -73.76200331914747,45.46334556078217,0 
			</coordinates>
		</LineString>
	</Placemark>
	<Placemark id="08056C43273E861E9A0F">
		<name>Taxiway</name>
		<LookAt>
			<longitude>-73.74605881976539</longitude>
			<latitude>45.45749150087309</latitude>
			<altitude>28.96186508297993</altitude>
			<heading>0</heading>
			<tilt>0</tilt>
			<gx:fovy>35</gx:fovy>
			<range>90.13892970610868</range>
			<altitudeMode>absolute</altitudeMode>
		</LookAt>
		<styleUrl>#__managed_style_35D0ADCA783E86E3D2D4</styleUrl>
		<LineString>
			<coordinates>
				-73.74008628346881,45.45866309016721,0 -73.74086405787291,45.45807728359506,0 -73.74108060630094,45.45804884737479,0 -73.74130818546769,45.45805428423841,0 -73.74150514273525,45.45811388254175,0 -73.74198089122946,45.45841858298972,0 -73.74265583438653,45.45885257808618,0 -73.74275648687532,45.4588870707838,0 -73.74286989126895,45.45888867136125,0 -73.74297766759,45.45886538402427,0 -73.74303255984381,45.4588376702271,0 -73.74314196300637,45.45873351363833,0 -73.74319201267917,45.45862348590257,0 -73.74327904609039,45.45851000476479,0 -73.74344721572872,45.45836380580851,0 -73.74389066120614,45.45802726632061,0 -73.74510922979162,45.45747659918036,0 -73.74525256202183,45.45744040615336,0 -73.74619801279407,45.45741168097776,0 
			</coordinates>
		</LineString>
	</Placemark>
	<Placemark id="02943523693E8620B796">
		<name>Taxiway</name>
		<LookAt>
			<longitude>-73.72273669780661</longitude>
			<latitude>45.4799597754217</latitude>
			<altitude>33.66905283091351</altitude>
			<heading>0</heading>
			<tilt>0</tilt>
			<gx:fovy>35</gx:fovy>
			<range>79.65137309900456</range>
			<altitudeMode>absolute</altitudeMode>
		</LookAt>
		<styleUrl>#__managed_style_35D0ADCA783E86E3D2D4</styleUrl>
		<LineString>
			<coordinates>
				-73.74265313800167,45.45885414053564,0 -73.74272343100321,45.45890517577872,0 -73.74283068837086,45.4590383517328,0 -73.74298057846357,45.45938182616487,0 -73.74300055278117,45.45943296786177,0 -73.74305504117595,45.45949683334502,0 -73.74339613946836,45.45973298372337,0 -73.74347163790493,45.4597814720274,0 -73.74353663738708,45.45984911731919,0 -73.74357965791454,45.45992291973786,0 -73.74360756199968,45.46000800077101,0 -73.74360181610518,45.46009146213555,0 -73.74357088090265,45.4602028144991,0 -73.74351471081616,45.46030580128217,0 -73.74343667050569,45.4603676021108,0 -73.7431288821125,45.46055874445553,0 -73.74245692317596,45.46099253658652,0 -73.74196953922959,45.461360094581,0 -73.74131659038643,45.46189534530554,0 -73.74024059802703,45.46278895984688,0 -73.73990322549045,45.46306669080739,0 -73.73955528713749,45.46335430643853,0 -73.73947753344194,45.46341258129768,0 -73.73937502881559,45.46344660217013,0 -73.73930489078963,45.46346400857584,0 -73.73911136758217,45.46347001668719,0 -73.73799801140741,45.46350443131113,0 -73.73791427892664,45.46351277409627,0 -73.73782209546317,45.46353095593032,0 -73.73766906062188,45.46359870738949,0 -73.73666799316564,45.46436090433757,0 -73.73620126935556,45.46471740419317,0 -73.73561242216081,45.46516497621202,0 -73.72758243489888,45.47129043421695,0 -73.7193838234335,45.47754731953466,0 -73.71935930402817,45.47760773832421,0 -73.71936151375203,45.47767875719132,0 -73.71941817176319,45.47775301223425,0 -73.72031813718958,45.47834051351239,0 -73.72071783814035,45.47860378668388,0 -73.72116421740239,45.47889445813542,0 -73.72143617428604,45.47907226380319,0 -73.72180652964443,45.47931510217219,0 -73.72208273581512,45.47949477155743,0 -73.72232811228649,45.47965728966986,0 -73.72247135546704,45.4797491254707,0 -73.72264822184165,45.47986345713781,0 -73.72282700981215,45.4799814189719,0 
			</coordinates>
		</LineString>
	</Placemark>
	<Placemark id="01607F79DC3E862432DB">
		<name>Taxiway</name>
		<LookAt>
			<longitude>-73.74378759410391</longitude>
			<latitude>45.4603608535021</latitude>
			<altitude>28.69380169999475</altitude>
			<heading>0</heading>
			<tilt>0</tilt>
			<gx:fovy>35</gx:fovy>
			<range>182.5365280586266</range>
			<altitudeMode>absolute</altitudeMode>
		</LookAt>
		<styleUrl>#__managed_style_35D0ADCA783E86E3D2D4</styleUrl>
		<LineString>
			<coordinates>
				-73.74314144103887,45.45872974127963,0 -73.74283061464212,45.45963445669262,0 -73.74280552165105,45.45967603785517,0 -73.74262395065857,45.45981619295855,0 -73.74224381750058,45.46010519093375,0 -73.74124944798881,45.46086682402451,0 -73.74052764641074,45.46141702311735,0 -73.73983566613292,45.4619451023601,0 -73.73867431098378,45.46283597160055,0 -73.73767242158523,45.46359746349637,0 -73.73667926509752,45.464353962261,0 -73.73662401401681,45.4644257366535,0 -73.73660125433433,45.46448329641044,0 -73.73660334470019,45.46456209956519,0 -73.73666726625383,45.46467770234615,0 -73.73673496716046,45.46472730737717,0 -73.73758999699281,45.46528053603442,0 -73.73880909542635,45.46606836531781,0 -73.7391703166177,45.46629142609914,0 -73.73955584662299,45.46648005346289,0 -73.73998244340591,45.46663339658718,0 -73.740314983375,45.46672881101057,0 -73.74067441023303,45.46680132657891,0 -73.74094901574915,45.46683685190581,0 -73.74124176268319,45.4668641955542,0 -73.74154393122886,45.46687045948809,0 -73.75024482478277,45.46661967510373,0 -73.75260601073934,45.46655181987021,0 -73.7538087968356,45.46651342920045,0 -73.75391660345635,45.46649782770141,0 -73.75406546509247,45.46644022464516,0 -73.75412540119581,45.46640540758523,0 -73.75660288752759,45.46451111824782,0 -73.75675615979839,45.46435695910087,0 -73.75691272505354,45.46410407801797,0 -73.75725817463618,45.46293925890843,0 -73.75726276955515,45.46255856889438,0 -73.75718847680814,45.46130543734643,0 -73.75717356594841,45.46098747687224,0 -73.75716277847079,45.46090948515546,0 -73.7571497036017,45.46084971964257,0 -73.75710355864439,45.46078754835274,0 -73.75702791375791,45.46071212655174,0 -73.75693229877224,45.46065509695537,0 -73.75681421003729,45.46061368729629,0 -73.75670320280692,45.46059712089765,0 -73.75406163322745,45.46067289567943,0 -73.75392781797837,45.46066409251939,0 -73.75366694827824,45.46057260589932,0 -73.75243720797499,45.46012012371755,0 -73.75228579998627,45.46007212187225,0 -73.75202636938008,45.46003995009885,0 -73.75149584059778,45.46005648633697,0 -73.75087254624678,45.46010821791083,0 -73.75078153811145,45.46011088395586,0 -73.75021919487288,45.46008067687787,0 -73.7500960401412,45.46005191412343,0 -73.74965272727773,45.45982871739513,0 -73.74954855444246,45.45979838722096,0 -73.74941114102342,45.45979226610086,0 -73.74791072932361,45.45982990774928,0 -73.74774695966671,45.459811726817,0 -73.74758549385155,45.45976907528159,0 -73.74742948345281,45.45971588610711,0 -73.74704274851804,45.45961480117636,0 -73.74655116279756,45.45954854566531,0 -73.74615035689156,45.45954781429252,0 -73.74578044980979,45.45958531814605,0 -73.74540344315007,45.45966475857954,0 -73.74462241118501,45.4598510248905,0 -73.74424041256776,45.45997640275429,0 -73.74394792966919,45.46009702591238,0 -73.74344443611515,45.46036397516379,0 
			</coordinates>
		</LineString>
	</Placemark>
	<Placemark id="0C635F0F453E86276811">
		<name>Taxiway</name>
		<LookAt>
			<longitude>-73.74235210474031</longitude>
			<latitude>45.45989920715764</latitude>
			<altitude>28.3977896574855</altitude>
			<heading>0</heading>
			<tilt>0</tilt>
			<gx:fovy>35</gx:fovy>
			<range>125.6131320694112</range>
			<altitudeMode>absolute</altitudeMode>
		</LookAt>
		<styleUrl>#__managed_style_35D0ADCA783E86E3D2D4</styleUrl>
		<LineString>
			<coordinates>
				-73.7422089385371,45.45959743447705,0 -73.74230337930707,45.45970101746536,0 -73.74234653560434,45.45982791878424,0 -73.74234208291445,45.45994899866061,0 -73.74225306019184,45.46009571474544,0 
			</coordinates>
		</LineString>
	</Placemark>
	<Placemark id="0B0B471B8A3E8627AB20">
		<name>Taxiway</name>
		<LookAt>
			<longitude>-73.74262326319307</longitude>
			<latitude>45.45983317467758</latitude>
			<altitude>28.5197343808647</altitude>
			<heading>0</heading>
			<tilt>0</tilt>
			<gx:fovy>35</gx:fovy>
			<range>31.62591834520299</range>
			<altitudeMode>absolute</altitudeMode>
		</LookAt>
		<styleUrl>#__managed_style_35D0ADCA783E86E3D2D4</styleUrl>
		<LineString>
			<coordinates>
				-73.7430125623206,45.45966918722405,0 -73.74292095835065,45.45968173364299,0 -73.74282230790809,45.45970416496989,0 -73.74272470226025,45.45975136157861,0 -73.7426089596571,45.45983103176403,0 -73.74256293567717,45.4598638279079,0 
			</coordinates>
		</LineString>
	</Placemark>
	<Placemark id="0E218C75103E862833E9">
		<name>Taxiway</name>
		<LookAt>
			<longitude>-73.74179220326013</longitude>
			<latitude>45.461310290566</latitude>
			<altitude>28.86518016013306</altitude>
			<heading>0</heading>
			<tilt>0</tilt>
			<gx:fovy>35</gx:fovy>
			<range>81.41958056536168</range>
			<altitudeMode>absolute</altitudeMode>
		</LookAt>
		<styleUrl>#__managed_style_35D0ADCA783E86E3D2D4</styleUrl>
		<LineString>
			<coordinates>
				-73.74123238384499,45.46088285774193,0 -73.74116734099582,45.46098231531804,0 -73.7411582404897,45.4610844692923,0 -73.74119854678621,45.46119658348496,0 -73.74124660344999,45.46124382678487,0 -73.74137602061847,45.46132797302273,0 -73.74146103934115,45.46135712598345,0 -73.7415592833478,45.46137634035563,0 -73.74185495785738,45.46136227430998,0 -73.74192935576788,45.46134509878476,0 -73.74201092534929,45.46131421419867,0 -73.74207956025862,45.46127370235453,0 
			</coordinates>
		</LineString>
	</Placemark>
	<Placemark id="0DE44CD73F3E8628BF2B">
		<name>Taxiway</name>
		<LookAt>
			<longitude>-73.74143886036234</longitude>
			<latitude>45.46185477150865</latitude>
			<altitude>28.97162579760836</altitude>
			<heading>0</heading>
			<tilt>0</tilt>
			<gx:fovy>35</gx:fovy>
			<range>56.39637214617325</range>
			<altitudeMode>absolute</altitudeMode>
		</LookAt>
		<styleUrl>#__managed_style_35D0ADCA783E86E3D2D4</styleUrl>
		<LineString>
			<coordinates>
				-73.74174575354627,45.46136898137821,0 -73.74179489569114,45.4613833431441,0 -73.74183161753506,45.46142506496647,0 -73.74186612187258,45.46149926226645,0 -73.7418622977752,45.46159855721936,0 -73.7418277486904,45.46167731168102,0 -73.74178456228641,45.46172950404352,0 -73.74172365684481,45.46177912932459,0 -73.74164462012122,45.46181961201527,0 -73.74158078693874,45.46184039679591,0 -73.7415035329072,45.46185479940545,0 -73.74139041217175,45.46186486026191,0 -73.74134014720389,45.46188370712387,0 -73.74130723161112,45.46190259362801,0 
			</coordinates>
		</LineString>
	</Placemark>
	<Placemark id="0F7A8F746C3E86291D0C">
		<name>Taxiway</name>
		<LookAt>
			<longitude>-73.74198656774205</longitude>
			<latitude>45.46132412187328</latitude>
			<altitude>28.86306539092507</altitude>
			<heading>0</heading>
			<tilt>0</tilt>
			<gx:fovy>35</gx:fovy>
			<range>69.04499073438274</range>
			<altitudeMode>absolute</altitudeMode>
		</LookAt>
		<styleUrl>#__managed_style_35D0ADCA783E86E3D2D4</styleUrl>
		<LineString>
			<coordinates>
				-73.74188119934519,45.46143006127672,0 -73.74198282574528,45.46138616294373,0 -73.74211662166178,45.46135488167105,0 -73.74185751923721,45.46136390906651,0 
			</coordinates>
		</LineString>
	</Placemark>
	<Placemark id="0717F562A33E86296423">
		<name>Taxiway</name>
		<LookAt>
			<longitude>-73.74509322648154</longitude>
			<latitude>45.46126666887584</latitude>
			<altitude>28.84717585216067</altitude>
			<heading>0</heading>
			<tilt>0</tilt>
			<gx:fovy>35</gx:fovy>
			<range>101.2493379408079</range>
			<altitudeMode>absolute</altitudeMode>
		</LookAt>
		<styleUrl>#__managed_style_35D0ADCA783E86E3D2D4</styleUrl>
		<LineString>
			<coordinates>
				-73.74211808268169,45.46135514729689,0 -73.74443484924322,45.46128751921395,0 -73.74518841234365,45.46126588153903,0 -73.74534003864231,45.4612809896439,0 -73.74544504619629,45.46130994630573,0 -73.74552774973739,45.46134900011689,0 
			</coordinates>
		</LineString>
	</Placemark>
	<Placemark id="0D106B9ABE3E862A3ED1">
		<name>Taxiway</name>
		<LookAt>
			<longitude>-73.74481873076481</longitude>
			<latitude>45.46101874228075</latitude>
			<altitude>28.72604582620877</altitude>
			<heading>0</heading>
			<tilt>0</tilt>
			<gx:fovy>35</gx:fovy>
			<range>155.3912134084567</range>
			<altitudeMode>absolute</altitudeMode>
		</LookAt>
		<styleUrl>#__managed_style_35D0ADCA783E86E3D2D4</styleUrl>
		<LineString>
			<coordinates>
				-73.74366569067747,45.45990309752008,0 -73.7437532866019,45.45994869876214,0 -73.743881226542,45.4599899487016,0 -73.74403858850343,45.46000357732255,0 -73.74416020502775,45.45999078170639,0 -73.74423195874446,45.45997628012821,0 -73.74440587043108,45.4599302160222,0 -73.74453510005647,45.45992129536943,0 -73.74466152147733,45.45992893210479,0 -73.74479524915621,45.45996474698414,0 -73.74495107341701,45.4600431463374,0 -73.74503042059989,45.46011920556612,0 -73.74508309514334,45.46019987628217,0 -73.74510864115784,45.46027164600527,0 -73.74513530187546,45.46076395440483,0 -73.74511503258165,45.46087036524465,0 -73.74507458614272,45.4609556893164,0 -73.74497850370361,45.46107646461206,0 -73.74486415961934,45.46116043829117,0 -73.74470441029996,45.46123779743586,0 -73.74456805155475,45.46126967770109,0 -73.74442756100474,45.46128610055602,0 
			</coordinates>
		</LineString>
	</Placemark>
	<Placemark id="0A76F7EC683E862C07D8">
		<name>Taxiway</name>
		<LookAt>
			<longitude>-73.74381092834703</longitude>
			<latitude>45.46022496750571</latitude>
			<altitude>28.64594035058909</altitude>
			<heading>0</heading>
			<tilt>0</tilt>
			<gx:fovy>35</gx:fovy>
			<range>74.32791310605353</range>
			<altitudeMode>absolute</altitudeMode>
		</LookAt>
		<styleUrl>#__managed_style_35D0ADCA783E86E3D2D4</styleUrl>
		<LineString>
			<coordinates>
				-73.74430810174316,45.46035616498186,0 -73.74423396996102,45.46031502018608,0 -73.74411535938626,45.46027704048892,0 -73.74398063326862,45.46024991196242,0 -73.74386562129149,45.46024796151698,0 -73.74373910976973,45.46025766424675,0 -73.74353347898835,45.46031637550558,0 
			</coordinates>
		</LineString>
	</Placemark>
	<Placemark id="001570790A3E862C7C63">
		<name>Taxiway</name>
		<LookAt>
			<longitude>-73.7460990902796</longitude>
			<latitude>45.45959151943516</latitude>
			<altitude>29.03929537218464</altitude>
			<heading>0</heading>
			<tilt>0</tilt>
			<gx:fovy>35</gx:fovy>
			<range>94.2076124137202</range>
			<altitudeMode>absolute</altitudeMode>
		</LookAt>
		<styleUrl>#__managed_style_35D0ADCA783E86E3D2D4</styleUrl>
		<LineString>
			<coordinates>
				-73.74510813316942,45.46027125322347,0 -73.74509418561027,45.46000265217215,0 -73.74511274648323,45.45992046304763,0 -73.74515194004141,45.45984413378357,0 -73.74528446193327,45.45972059041475,0 -73.74540440205699,45.45966293676661,0 -73.7463603891277,45.45944498404998,0 
			</coordinates>
		</LineString>
	</Placemark>
	<Placemark id="00108B6F193E862CCFD8">
		<name>Taxiway</name>
		<LookAt>
			<longitude>-73.74502152432427</longitude>
			<latitude>45.46080545046497</latitude>
			<altitude>28.83324093733231</altitude>
			<heading>0</heading>
			<tilt>0</tilt>
			<gx:fovy>35</gx:fovy>
			<range>92.74229561019638</range>
			<altitudeMode>absolute</altitudeMode>
		</LookAt>
		<styleUrl>#__managed_style_35D0ADCA783E86E3D2D4</styleUrl>
		<LineString>
			<coordinates>
				-73.74536688602306,45.46121212903897,0 -73.74530162820001,45.4611381924918,0 -73.74521630256625,45.46101849027156,0 -73.74516509926275,45.46088893386441,0 -73.7451348865734,45.46076439797626,0 
			</coordinates>
		</LineString>
	</Placemark>
	<Placemark id="0FEFD1949B3E862D5570">
		<name>Taxiway</name>
		<LookAt>
			<longitude>-73.740150016326</longitude>
			<latitude>45.46176902449274</latitude>
			<altitude>29.29410131687412</altitude>
			<heading>0</heading>
			<tilt>0</tilt>
			<gx:fovy>35</gx:fovy>
			<range>94.32184900656466</range>
			<altitudeMode>absolute</altitudeMode>
		</LookAt>
		<styleUrl>#__managed_style_35D0ADCA783E86E3D2D4</styleUrl>
		<LineString>
			<coordinates>
				-73.7415502329235,45.46137444861183,0 -73.74071316087628,45.46141026999455,0 -73.74059394332822,45.46143184881216,0 -73.74046895719484,45.46147635481825,0 -73.7403583919649,45.46154581136256,0 -73.74036949877564,45.46159486401491,0 -73.74036032221638,45.46167044229711,0 -73.7403024072951,45.46176673205255,0 -73.74023401067895,45.46183314947166,0 -73.74014022916437,45.46188151783314,0 -73.74003575875078,45.46191017029462,0 -73.73996475721614,45.46191991940151,0 -73.73990333615994,45.46192429992872,0 -73.73982389645533,45.46195538432961,0 
			</coordinates>
		</LineString>
	</Placemark>
	<Placemark id="0DB64ED7363E862DDF54">
		<name>Taxiway</name>
		<LookAt>
			<longitude>-73.73601813765828</longitude>
			<latitude>45.46197327465677</latitude>
			<altitude>30.96750175379129</altitude>
			<heading>0</heading>
			<tilt>0</tilt>
			<gx:fovy>35</gx:fovy>
			<range>149.8437361232937</range>
			<altitudeMode>absolute</altitudeMode>
		</LookAt>
		<styleUrl>#__managed_style_35D0ADCA783E86E3D2D4</styleUrl>
		<LineString>
			<coordinates>
				-73.74070594551389,45.46141142483689,0 -73.74023375106884,45.46142859278291,0 -73.73867986068147,45.46149101285467,0 -73.73674391734379,45.46156915383877,0 -73.73663458268386,45.46157556609454,0 -73.73644353987659,45.46161043198904,0 -73.73624710816011,45.46167626989642,0 -73.73606691376348,45.46176327330955,0 -73.73545549293712,45.46222433628231,0 
			</coordinates>
		</LineString>
	</Placemark>
	<Placemark id="02BA90228B3E862E2BB0">
		<name>Taxiway</name>
		<LookAt>
			<longitude>-73.74082515691981</longitude>
			<latitude>45.46136798713565</latitude>
			<altitude>29.18874395426524</altitude>
			<heading>0</heading>
			<tilt>0</tilt>
			<gx:fovy>35</gx:fovy>
			<range>110.9770691025006</range>
			<altitudeMode>absolute</altitudeMode>
		</LookAt>
		<styleUrl>#__managed_style_35D0ADCA783E86E3D2D4</styleUrl>
		<LineString>
			<coordinates>
				-73.74062257347944,45.46133953440396,0 -73.74056271702176,45.46137401916996,0 -73.74049702189561,45.46139744456383,0 -73.7403752539439,45.46142224416792,0 
			</coordinates>
		</LineString>
	</Placemark>
	<Placemark id="006690D3DB3E862E58BE">
		<name>Taxiway</name>
		<LookAt>
			<longitude>-73.74023887945818</longitude>
			<latitude>45.46140186568307</latitude>
			<altitude>29.39521661011149</altitude>
			<heading>0</heading>
			<tilt>0</tilt>
			<gx:fovy>35</gx:fovy>
			<range>97.91841560401735</range>
			<altitudeMode>absolute</altitudeMode>
		</LookAt>
		<styleUrl>#__managed_style_35D0ADCA783E86E3D2D4</styleUrl>
		<LineString>
			<coordinates>
				-73.74035619186103,45.4615443344449,0 -73.74032486409861,45.46146750462735,0 -73.74029270983904,45.46144495016798,0 -73.74025537286472,45.46143093862184,0 -73.74021284063974,45.46142789093987,0 
			</coordinates>
		</LineString>
	</Placemark>
	<Placemark id="0A5F9CC5A33E862E9A3C">
		<name>Taxiway</name>
		<LookAt>
			<longitude>-73.74319168904228</longitude>
			<latitude>45.46113430944438</latitude>
			<altitude>28.54096668872391</altitude>
			<heading>0</heading>
			<tilt>0</tilt>
			<gx:fovy>35</gx:fovy>
			<range>154.2719671353734</range>
			<altitudeMode>absolute</altitudeMode>
		</LookAt>
		<styleUrl>#__managed_style_35D0ADCA783E86E3D2D4</styleUrl>
		<LineString>
			<coordinates>
				-73.742964967107,45.4613285346988,0 -73.74285160617821,45.46131416511912,0 -73.74276282969522,45.46128255224653,0 -73.74268628662745,45.46123466588251,0 -73.74262078800345,45.46116855495128,0 -73.74257844461316,45.46108233829257,0 -73.74257255085519,45.46099602522536,0 -73.74259988671835,45.4609260451887,0 -73.74264635659628,45.46087140344145,0 
			</coordinates>
		</LineString>
	</Placemark>
	<Placemark id="02273121BB3E862F577F">
		<name>Taxiway</name>
		<LookAt>
			<longitude>-73.73535844068313</longitude>
			<latitude>45.4652862803889</latitude>
			<altitude>30.87232515170119</altitude>
			<heading>0</heading>
			<tilt>0</tilt>
			<gx:fovy>35</gx:fovy>
			<range>120.3696985326497</range>
			<altitudeMode>absolute</altitudeMode>
		</LookAt>
		<styleUrl>#__managed_style_35D0ADCA783E86E3D2D4</styleUrl>
		<LineString>
			<coordinates>
				-73.72844570393281,45.4675892091053,0 -73.72896552287656,45.46718277735346,0 -73.72922134270546,45.46702224086838,0 -73.72947887018795,45.46688359101251,0 -73.72984006674872,45.46673054547818,0 -73.73033511146426,45.46656822711524,0 -73.73116789401884,45.46638181320341,0 -73.732732789311,45.46603659792126,0 -73.73461574327798,45.46562162749655,0 -73.73491842570088,45.46553472731699,0 -73.73516446522093,45.46543292947379,0 -73.73529324424854,45.46537046763933,0 -73.73551849153267,45.4652359541867,0 
			</coordinates>
		</LineString>
	</Placemark>
	<Placemark id="05DE9F57E63E86305A5C">
		<name>Taxiway</name>
		<LookAt>
			<longitude>-73.73367542310382</longitude>
			<latitude>45.46889098890889</latitude>
			<altitude>30.70324488266757</altitude>
			<heading>0</heading>
			<tilt>0</tilt>
			<gx:fovy>35</gx:fovy>
			<range>82.61961236101342</range>
			<altitudeMode>absolute</altitudeMode>
		</LookAt>
		<styleUrl>#__managed_style_35D0ADCA783E86E3D2D4</styleUrl>
		<LineString>
			<coordinates>
				-73.7355978272783,45.46518653467678,0 -73.73551907119207,45.46530472640643,0 -73.73550170141637,45.46539420351757,0 -73.73554817486095,45.46615303867464,0 -73.73560838510659,45.46722998817264,0 -73.73559501692507,45.46730797316623,0 -73.7355408021579,45.46740598435001,0 -73.73544736215287,45.46749544724976,0 -73.73488940482942,45.46791829405663,0 -73.73352674588753,45.46895865941793,0 
			</coordinates>
		</LineString>
	</Placemark>
	<Placemark id="05C6B79F1F3E86309D24">
		<name>Taxiway</name>
		<LookAt>
			<longitude>-73.73530451794019</longitude>
			<latitude>45.46561352091338</latitude>
			<altitude>30.82880783952358</altitude>
			<heading>0</heading>
			<tilt>0</tilt>
			<gx:fovy>35</gx:fovy>
			<range>145.0241745236235</range>
			<altitudeMode>absolute</altitudeMode>
		</LookAt>
		<styleUrl>#__managed_style_35D0ADCA783E86E3D2D4</styleUrl>
		<LineString>
			<coordinates>
				-73.73490418706281,45.46570778394942,0 -73.73504385132016,45.46565562210463,0 -73.73518886483475,45.46564844397474,0 -73.73529937326947,45.46566741831521,0 -73.73539331831078,45.46570897002611,0 -73.73549011776548,45.46578413981828,0 -73.73553265163612,45.46589984443805,0 
			</coordinates>
		</LineString>
	</Placemark>
	<Placemark id="03C5FB2CA53E863101A8">
		<name>Taxiway</name>
		<LookAt>
			<longitude>-73.73709427620366</longitude>
			<latitude>45.46512345582202</latitude>
			<altitude>29.95231351422662</altitude>
			<heading>0</heading>
			<tilt>0</tilt>
			<gx:fovy>35</gx:fovy>
			<range>148.8480728099967</range>
			<altitudeMode>absolute</altitudeMode>
		</LookAt>
		<styleUrl>#__managed_style_35D0ADCA783E86E3D2D4</styleUrl>
		<LineString>
			<coordinates>
				-73.73376055539345,45.46658307339234,0 -73.73388905030107,45.46652046134847,0 -73.7339942478782,45.46648962908806,0 -73.73574060112821,45.46610872186867,0 -73.7358797251693,45.46605503630998,0 -73.7359683622042,45.46599990492386,0 -73.73687815680393,45.46530622172102,0 -73.73700191824457,45.46525184810136,0 -73.73718797658016,45.4652074520059,0 -73.73737933652463,45.46521485630158,0 -73.73758355055142,45.46527491177418,0 
			</coordinates>
		</LineString>
	</Placemark>
	<Placemark id="0571AA4A793E86340084">
		<name>Taxiway</name>
		<LookAt>
			<longitude>-73.7221882876426</longitude>
			<latitude>45.47508151854137</latitude>
			<altitude>33.80824594913736</altitude>
			<heading>0</heading>
			<tilt>0</tilt>
			<gx:fovy>35</gx:fovy>
			<range>124.3668030190383</range>
			<altitudeMode>absolute</altitudeMode>
		</LookAt>
		<styleUrl>#__managed_style_35D0ADCA783E86E3D2D4</styleUrl>
		<LineString>
			<coordinates>
				-73.72395947291626,45.47100430914746,0 -73.72256403289138,45.47206221895338,0 -73.72244301124358,45.47219166978413,0 -73.72240525347306,45.47231214086622,0 -73.72243307068881,45.47254432328077,0 -73.72242679238299,45.47263490396379,0 -73.72214496410177,45.47350123991292,0 -73.72188106209769,45.47434190865463,0 -73.72172961958455,45.47481585385302,0 -73.72175774378843,45.47497700450685,0 -73.72189789090071,45.47509882412063,0 -73.72204642819244,45.47516564196972,0 -73.7221783760837,45.47519098371513,0 -73.72232811887696,45.47518555412816,0 -73.72243476920606,45.47516697247277,0 -73.72258886082527,45.47509830177773,0 
			</coordinates>
		</LineString>
	</Placemark>
	<Placemark id="0435F4AEA03E8634B308">
		<name>Taxiway</name>
		<LookAt>
			<longitude>-73.72162089354833</longitude>
			<latitude>45.47553596142603</latitude>
			<altitude>33.9298179749081</altitude>
			<heading>0</heading>
			<tilt>0</tilt>
			<gx:fovy>35</gx:fovy>
			<range>336.842415610663</range>
			<altitudeMode>absolute</altitudeMode>
		</LookAt>
		<styleUrl>#__managed_style_35D0ADCA783E86E3D2D4</styleUrl>
		<LineString>
			<coordinates>
				-73.72126546506611,45.47610836077542,0 -73.72133455713087,45.47603602452165,0 -73.72136496561957,45.47596044188623,0 -73.72172851888395,45.47481638091358,0 
			</coordinates>
		</LineString>
	</Placemark>
	<Placemark id="076E1A5FEB3E86352CE7">
		<name>Taxiway</name>
		<LookAt>
			<longitude>-73.71998452399986</longitude>
			<latitude>45.47067962608484</latitude>
			<altitude>34.34006414735895</altitude>
			<heading>0</heading>
			<tilt>0</tilt>
			<gx:fovy>35</gx:fovy>
			<range>85.48353504270381</range>
			<altitudeMode>absolute</altitudeMode>
		</LookAt>
		<styleUrl>#__managed_style_35D0ADCA783E86E3D2D4</styleUrl>
		<LineString>
			<coordinates>
				-73.72325746917312,45.47148302903953,0 -73.72271459643757,45.47189752435661,0 -73.72256995766315,45.47196585587344,0 -73.72240396793153,45.47200433699165,0 -73.72219172570607,45.47200164069595,0 -73.72196572631701,45.47192642420297,0 -73.72129126990265,45.47148371481994,0 -73.72033128693653,45.47085837705489,0 -73.7199686061971,45.47062474257218,0 
			</coordinates>
		</LineString>
	</Placemark>
	<Placemark id="0D5645C6C23E86359717">
		<name>Taxiway</name>
		<LookAt>
			<longitude>-73.71470921035595</longitude>
			<latitude>45.47491924510053</latitude>
			<altitude>37.13832758867768</altitude>
			<heading>0</heading>
			<tilt>0</tilt>
			<gx:fovy>35</gx:fovy>
			<range>91.27053543405054</range>
			<altitudeMode>absolute</altitudeMode>
		</LookAt>
		<styleUrl>#__managed_style_35D0ADCA783E86E3D2D4</styleUrl>
		<LineString>
			<coordinates>
				-73.72058748044763,45.47102715131641,0 -73.72050037923451,45.47099024395353,0 -73.72037682969442,45.47097141604347,0 -73.72025881866911,45.47097676389264,0 -73.72010979177753,45.47102418991016,0 -73.71493220598013,45.47497287303074,0 -73.71486301626956,45.47500039896425,0 -73.71479898551125,45.47499927771081,0 -73.71475207479889,45.47497553937936,0 -73.71449121097594,45.4747996412918,0 
			</coordinates>
		</LineString>
	</Placemark>
	<Placemark id="02B9460ECC3E863AABFE">
		<name>Taxiway</name>
		<LookAt>
			<longitude>-73.72735578163099</longitude>
			<latitude>45.47126604903158</latitude>
			<altitude>33.2161571199056</altitude>
			<heading>0</heading>
			<tilt>0</tilt>
			<gx:fovy>35</gx:fovy>
			<range>53.97017001719178</range>
			<altitudeMode>absolute</altitudeMode>
		</LookAt>
		<styleUrl>#__managed_style_35D0ADCA783E86E3D2D4</styleUrl>
		<LineString>
			<coordinates>
				-73.72844468592285,45.46758672783139,0 -73.72830089222326,45.46771764865586,0 -73.72817812428053,45.46785328527215,0 -73.72801820011188,45.4680450802917,0 -73.72784179005465,45.46832177943894,0 -73.72773768666664,45.46853675998786,0 -73.72716123780199,45.47030483500039,0 -73.72691032083357,45.4710916076573,0 -73.72691160327001,45.47114242811871,0 -73.72693464440516,45.47120506095524,0 -73.72697302928989,45.47125785403247,0 -73.72704314656508,45.47132096642328,0 -73.72712237696889,45.47135481723681,0 -73.72725078312808,45.47137954233813,0 -73.72733801366266,45.47138121246839,0 -73.72747402338572,45.47134955297879,0 -73.72756816332632,45.47130177676966,0 
			</coordinates>
		</LineString>
	</Placemark>
	<Placemark id="095B5108483E863AE950">
		<name>Taxiway</name>
		<LookAt>
			<longitude>-73.72664760331524</longitude>
			<latitude>45.47199340878404</latitude>
			<altitude>33.52586215680595</altitude>
			<heading>0</heading>
			<tilt>0</tilt>
			<gx:fovy>35</gx:fovy>
			<range>45.30113075305508</range>
			<altitudeMode>absolute</altitudeMode>
		</LookAt>
		<styleUrl>#__managed_style_35D0ADCA783E86E3D2D4</styleUrl>
		<LineString>
			<coordinates>
				-73.72690994166688,45.47109237325225,0 -73.7266303601496,45.47195624805848,0 -73.72659899769229,45.47202319798281,0 -73.72656404975618,45.47206826911872,0 
			</coordinates>
		</LineString>
	</Placemark>
	<Placemark id="0BDD7F8FEB3E863BAB8B">
		<name>Taxiway</name>
		<LookAt>
			<longitude>-73.73958181937741</longitude>
			<latitude>45.4634842003253</latitude>
			<altitude>29.77709036086658</altitude>
			<heading>0</heading>
			<tilt>0</tilt>
			<gx:fovy>35</gx:fovy>
			<range>129.8933625207792</range>
			<altitudeMode>absolute</altitudeMode>
		</LookAt>
		<styleUrl>#__managed_style_35D0ADCA783E86E3D2D4</styleUrl>
		<LineString>
			<coordinates>
				-73.76202488326926,45.46222266917522,0 -73.76204167316057,45.46232266453815,0 -73.7620321951991,45.46243657042473,0 -73.76197744109173,45.4625537235241,0 -73.76189294453005,45.46264986721563,0 -73.7617314146958,45.46275024092368,0 -73.76158339360603,45.4627980834814,0 -73.76146862420261,45.46281731684661,0 -73.76025928034488,45.46285564752625,0 -73.75725992971392,45.4629404379765,0 -73.75003981074624,45.46315298942918,0 -73.73976588188451,45.46345057915092,0 -73.73931581048906,45.46346461426055,0 
			</coordinates>
		</LineString>
	</Placemark>
	<Placemark id="06CA9D98A73E8651F0F4">
		<name>Taxiway</name>
		<LookAt>
			<longitude>-73.74952324003601</longitude>
			<latitude>45.46174979086559</latitude>
			<altitude>28.88752503661564</altitude>
			<heading>0</heading>
			<tilt>0</tilt>
			<gx:fovy>35</gx:fovy>
			<range>97.65259171696016</range>
			<altitudeMode>absolute</altitudeMode>
		</LookAt>
		<styleUrl>#__managed_style_35D0ADCA783E86E3D2D4</styleUrl>
		<LineString>
			<coordinates>
				-73.73867652770588,45.46283480649985,0 -73.73860307002859,45.46292885292697,0 -73.73857276623232,45.46305074305847,0 -73.73858439001816,45.46314873468506,0 -73.73862780881403,45.4632372699328,0 -73.73872196937914,45.46332838612485,0 -73.73879938849905,45.46338851784996,0 -73.73890180079941,45.46342774102204,0 -73.73909948032997,45.46346779307752,0 -73.73925061315171,45.46347705610119,0 -73.73941607851803,45.46351759251479,0 -73.73950626332235,45.46356040114901,0 -73.74011577168562,45.46395725828312,0 -73.74103150368812,45.46455537479949,0 -73.74129052889154,45.46471992122397,0 -73.74154921280254,45.46485011514511,0 -73.741751201947,45.46493409057539,0 -73.74200908757508,45.46499962409008,0 -73.74224598609189,45.46504539797076,0 -73.74249354404229,45.46506962016088,0 -73.74263153080202,45.46507775799406,0 -73.74271990069907,45.46507661738976,0 -73.74958540193258,45.46487585471985,0 -73.74978378080888,45.4648382279492,0 -73.74987969383317,45.46479499492858,0 -73.74997874387238,45.46473368994918,0 -73.75005074622403,45.46466339331532,0 -73.75009201669023,45.46458443699251,0 -73.75011629266913,45.46447870699982,0 -73.75003585129301,45.46314853226325,0 -73.74996224067981,45.4618857663649,0 -73.74993446553795,45.46181997367493,0 -73.74988002194415,45.4617218789016,0 -73.74980260798536,45.46165476563711,0 -73.74969441218308,45.46159562542245,0 -73.74957860071669,45.46155549267113,0 -73.7494696221291,45.46153612894056,0 -73.74939089343655,45.46153304433924,0 
			</coordinates>
		</LineString>
	</Placemark>
	<Placemark id="0D9D1BB4043E8654456F">
		<name>Taxiway</name>
		<LookAt>
			<longitude>-73.74977260857777</longitude>
			<latitude>45.46302346425834</latitude>
			<altitude>29.46015969887793</altitude>
			<heading>0</heading>
			<tilt>0</tilt>
			<gx:fovy>35</gx:fovy>
			<range>66.95703090165807</range>
			<altitudeMode>absolute</altitudeMode>
		</LookAt>
		<styleUrl>#__managed_style_35D0ADCA783E86E3D2D4</styleUrl>
		<LineString>
			<coordinates>
				-73.75001643906502,45.4627815225602,0 -73.749993618255,45.46288360519403,0 -73.74990373079497,45.46300652406868,0 -73.74977557679955,45.46309580633298,0 -73.74961732805059,45.4631501432821,0 -73.74949395762452,45.46316889797612,0 
			</coordinates>
		</LineString>
	</Placemark>
	<Placemark id="0283251B793E8654F064">
		<name>Taxiway</name>
		<LookAt>
			<longitude>-73.75011804296354</longitude>
			<latitude>45.46183629339723</latitude>
			<altitude>29.12172246124254</altitude>
			<heading>0</heading>
			<tilt>0</tilt>
			<gx:fovy>35</gx:fovy>
			<range>88.77389078621491</range>
			<altitudeMode>absolute</altitudeMode>
		</LookAt>
		<styleUrl>#__managed_style_35D0ADCA783E86E3D2D4</styleUrl>
		<LineString>
			<coordinates>
				-73.75049410163017,45.46150014039858,0 -73.7503601498306,45.46151828988382,0 -73.75022779597012,45.46156354846253,0 -73.75012076376585,45.46162762208062,0 -73.75002361141867,45.4617268710255,0 -73.74997176324423,45.46184718746555,0 -73.74996232569846,45.46189352216575,0 
			</coordinates>
		</LineString>
	</Placemark>
	<Placemark id="0003DDC77F3E865538A8">
		<name>Taxiway</name>
		<LookAt>
			<longitude>-73.75049096904097</longitude>
			<latitude>45.46294304868407</latitude>
			<altitude>29.27512019418261</altitude>
			<heading>0</heading>
			<tilt>0</tilt>
			<gx:fovy>35</gx:fovy>
			<range>117.2273723218496</range>
			<altitudeMode>absolute</altitudeMode>
		</LookAt>
		<styleUrl>#__managed_style_35D0ADCA783E86E3D2D4</styleUrl>
		<LineString>
			<coordinates>
				-73.75054285346167,45.46313718971764,0 -73.75046917758662,45.46312772829032,0 -73.75038927563294,45.46311098882791,0 -73.75028135610209,45.46307387080545,0 -73.75016928621571,45.46300691283711,0 -73.75009549469527,45.46293922593204,0 -73.75004227405636,45.46285763380794,0 -73.75001920552108,45.46278325510436,0 
			</coordinates>
		</LineString>
	</Placemark>
	<Placemark id="05C91175673E865573E8">
		<name>Taxiway</name>
		<LookAt>
			<longitude>-73.75031564257388</longitude>
			<latitude>45.46322330980116</latitude>
			<altitude>29.4601622905138</altitude>
			<heading>0</heading>
			<tilt>0</tilt>
			<gx:fovy>35</gx:fovy>
			<range>136.3981673698981</range>
			<altitudeMode>absolute</altitudeMode>
		</LookAt>
		<styleUrl>#__managed_style_35D0ADCA783E86E3D2D4</styleUrl>
		<LineString>
			<coordinates>
				-73.75052726934601,45.46313997774506,0 -73.75039666544876,45.4631705117564,0 -73.75029508444781,45.46321376799124,0 -73.75017046891671,45.46330031099497,0 -73.75010507683187,45.46339030217299,0 -73.75007848276256,45.4634522328077,0 -73.75006275037498,45.4635269165006,0 
			</coordinates>
		</LineString>
	</Placemark>
	<Placemark id="07AF41BF053E8655C05C">
		<name>Taxiway</name>
		<LookAt>
			<longitude>-73.7501017006945</longitude>
			<latitude>45.46336880582464</latitude>
			<altitude>29.39092499267985</altitude>
			<heading>0</heading>
			<tilt>0</tilt>
			<gx:fovy>35</gx:fovy>
			<range>74.21903053866119</range>
			<altitudeMode>absolute</altitudeMode>
		</LookAt>
		<styleUrl>#__managed_style_35D0ADCA783E86E3D2D4</styleUrl>
		<LineString>
			<coordinates>
				-73.74950567799121,45.46316599979416,0 -73.74960352351749,45.46317568850925,0 -73.74970647254628,45.46319748126488,0 -73.74977546283687,45.46322130731759,0 -73.74988489232612,45.46328071345269,0 -73.7499740716603,45.46335623218853,0 -73.75003130626094,45.46344205641082,0 -73.75005760889192,45.46352469660541,0 
			</coordinates>
		</LineString>
	</Placemark>
	<Placemark id="0AFF3F50603E865C8B20">
		<name>Taxiway</name>
		<LookAt>
			<longitude>-73.74048998803391</longitude>
			<latitude>45.46304489989153</latitude>
			<altitude>29.24302307540086</altitude>
			<heading>0</heading>
			<tilt>0</tilt>
			<gx:fovy>35</gx:fovy>
			<range>131.6623580255145</range>
			<altitudeMode>absolute</altitudeMode>
		</LookAt>
		<styleUrl>#__managed_style_35D0ADCA783E86E3D2D4</styleUrl>
		<LineString>
			<coordinates>
				-73.74068794794721,45.46342255599011,0 -73.74061059682981,45.46341460489514,0 -73.74048155948601,45.46339047091671,0 -73.74037546226157,45.46334521969834,0 -73.74028065910319,45.46328089464502,0 -73.74018001233397,45.46316412744887,0 -73.74014409565505,45.46305839471123,0 -73.74014409635254,45.46294561832847,0 -73.7401914583555,45.46285330840423,0 -73.74023222707989,45.4627919214055,0 
			</coordinates>
		</LineString>
	</Placemark>
	<Placemark id="0832DE7ED13E865CE5CF">
		<name>Taxiway</name>
		<LookAt>
			<longitude>-73.74010250251979</longitude>
			<latitude>45.46379706283686</latitude>
			<altitude>29.30977756768484</altitude>
			<heading>0</heading>
			<tilt>0</tilt>
			<gx:fovy>35</gx:fovy>
			<range>74.75556299184063</range>
			<altitudeMode>absolute</altitudeMode>
		</LookAt>
		<styleUrl>#__managed_style_35D0ADCA783E86E3D2D4</styleUrl>
		<LineString>
			<coordinates>
				-73.74042497460093,45.46343239422999,0 -73.74033342987232,45.46344032623194,0 -73.7402451883477,45.46346675813999,0 -73.74015900766337,45.46350529898811,0 -73.74009372219899,45.46355564131636,0 -73.74003830701655,45.46362124931943,0 -73.7400084034133,45.46369160699992,0 -73.74000503879027,45.4637711643114,0 -73.74002898361242,45.46384937094961,0 -73.7400637131089,45.46390523125375,0 -73.74010980498144,45.46395385472714,0 
			</coordinates>
		</LineString>
	</Placemark>
	<Placemark id="0F7C1BF8813E865D5D46">
		<name>Taxiway</name>
		<LookAt>
			<longitude>-73.73986758243235</longitude>
			<latitude>45.46308903218976</latitude>
			<altitude>29.44647605531275</altitude>
			<heading>0</heading>
			<tilt>0</tilt>
			<gx:fovy>35</gx:fovy>
			<range>40.40821205141128</range>
			<altitudeMode>absolute</altitudeMode>
		</LookAt>
		<styleUrl>#__managed_style_35D0ADCA783E86E3D2D4</styleUrl>
		<LineString>
			<coordinates>
				-73.73999959712474,45.46388166463421,0 -73.73993502558106,45.46381835728369,0 -73.73988493519127,45.46376363279755,0 -73.73984241294515,45.46370486257848,0 -73.73978729028568,45.46358532861675,0 -73.73976851643334,45.46349214728208,0 -73.73976286640281,45.46345009041022,0 -73.73976204389292,45.46338765496281,0 -73.73977737183964,45.46331078032086,0 -73.73980432905634,45.46324234056534,0 -73.7398558829429,45.46313567373698,0 -73.73988549673365,45.46308871807757,0 -73.73990842129987,45.46306108001707,0 
			</coordinates>
		</LineString>
	</Placemark>
	<Placemark id="05295036493E865DA27B">
		<name>Taxiway</name>
		<LookAt>
			<longitude>-73.7364136367043</longitude>
			<latitude>45.46473530662629</latitude>
			<altitude>30.46059022449557</altitude>
			<heading>0</heading>
			<tilt>0</tilt>
			<gx:fovy>35</gx:fovy>
			<range>56.60585708358667</range>
			<altitudeMode>absolute</altitudeMode>
		</LookAt>
		<styleUrl>#__managed_style_35D0ADCA783E86E3D2D4</styleUrl>
		<LineString>
			<coordinates>
				-73.7367176624102,45.46471638753801,0 -73.73665795070039,45.46468255188481,0 -73.73658584707158,45.46466127699934,0 -73.7364745281685,45.46464504182406,0 -73.73637708172674,45.46465268616201,0 -73.73629752575685,45.46467098404162,0 -73.73621267506694,45.46470962444953,0 
			</coordinates>
		</LineString>
	</Placemark>
	<Placemark id="089C695B563E865E627E">
		<name>Taxiway</name>
		<LookAt>
			<longitude>-73.75370389131275</longitude>
			<latitude>45.46124369667986</latitude>
			<altitude>28.17177032373778</altitude>
			<heading>0</heading>
			<tilt>0</tilt>
			<gx:fovy>35</gx:fovy>
			<range>102.2399369486448</range>
			<altitudeMode>absolute</altitudeMode>
		</LookAt>
		<styleUrl>#__managed_style_35D0ADCA783E86E3D2D4</styleUrl>
		<LineString>
			<coordinates>
				-73.75343760256816,45.46048980393197,0 -73.75352133352436,45.46054107572751,0 -73.75359974788952,45.46062124572362,0 -73.7536354334074,45.46072558545799,0 -73.7536537182412,45.46110923341578,0 -73.75363051100568,45.46119905897773,0 -73.75358507038028,45.46127534673396,0 -73.75350333780692,45.46133837572695,0 -73.75340622690811,45.46138802735443,0 -73.75329006484262,45.46141858013398,0 
			</coordinates>
		</LineString>
	</Placemark>
	<Placemark id="0EE9F683A93E865E9E6F">
		<name>Taxiway</name>
		<LookAt>
			<longitude>-73.75370389131275</longitude>
			<latitude>45.46124369667986</latitude>
			<altitude>28.17177032373778</altitude>
			<heading>0</heading>
			<tilt>0</tilt>
			<gx:fovy>35</gx:fovy>
			<range>102.2399369486448</range>
			<altitudeMode>absolute</altitudeMode>
		</LookAt>
		<styleUrl>#__managed_style_35D0ADCA783E86E3D2D4</styleUrl>
		<LineString>
			<coordinates>
				-73.75408504709148,45.46139757496757,0 -73.75402242858011,45.46138866380928,0 -73.75395073488151,45.46137657010983,0 -73.75388448636805,45.46135556501836,0 -73.75380462517336,45.46131801041725,0 -73.7537483465244,45.46127662712049,0 -73.75368034158441,45.46120160844882,0 -73.75365411073517,45.46111720627184,0 
			</coordinates>
		</LineString>
	</Placemark>
	<Placemark id="0499E394FE3E865ECDF6">
		<name>Taxiway</name>
		<LookAt>
			<longitude>-73.75359062979868</longitude>
			<latitude>45.46081942691583</latitude>
			<altitude>28.44250685887353</altitude>
			<heading>0</heading>
			<tilt>0</tilt>
			<gx:fovy>35</gx:fovy>
			<range>128.7254317002407</range>
			<altitudeMode>absolute</altitudeMode>
		</LookAt>
		<styleUrl>#__managed_style_35D0ADCA783E86E3D2D4</styleUrl>
		<LineString>
			<coordinates>
				-73.75405209381147,45.46067377432252,0 -73.75395327047598,45.46068884912314,0 -73.75382565665413,45.46074160429788,0 -73.75375155057093,45.46079120943849,0 -73.75369558924781,45.46084963432377,0 -73.7536601932696,45.46092400873959,0 -73.75364653226421,45.4609920695618,0 
			</coordinates>
		</LineString>
	</Placemark>
	<Placemark id="01DB0D6ED23E865FE2D8">
		<name>Taxiway</name>
		<LookAt>
			<longitude>-73.76365941963687</longitude>
			<latitude>45.46202025136088</latitude>
			<altitude>29.25664678172805</altitude>
			<heading>0</heading>
			<tilt>0</tilt>
			<gx:fovy>35</gx:fovy>
			<range>179.5679990766257</range>
			<altitudeMode>absolute</altitudeMode>
		</LookAt>
		<styleUrl>#__managed_style_35D0ADCA783E86E3D2D4</styleUrl>
		<LineString>
			<coordinates>
				-73.75671502248437,45.46131830959817,0 -73.75685413708165,45.4612912573118,0 -73.75698636622744,45.46123618989326,0 -73.75707006862895,45.46116379622627,0 -73.75713615231847,45.46108076708165,0 -73.75716853915277,45.46099515542576,0 -73.75716848368927,45.46090623723341,0 -73.75718503373554,45.4608337823793,0 -73.75722613884815,45.4607613263601,0 -73.7573083542501,45.46067504671297,0 -73.75744728505462,45.46060343812329,0 -73.75761370078959,45.46057151094177,0 -73.75957344087674,45.46051411483185,0 -73.76189193312146,45.46045291155314,0 -73.76201739748154,45.46044270655641,0 -73.76209300102126,45.46042126326048,0 -73.76227655248528,45.46034446194159,0 -73.76269367131812,45.4600667874837,0 -73.76277296340795,45.4600264402506,0 -73.76287558184052,45.45999418166823,0 -73.76297151555039,45.4599726966851,0 -73.76311333731385,45.45996890851029,0 -73.76329676941496,45.46000166115059,0 -73.76339965884027,45.46003801281645,0 -73.7638428734286,45.46032882103389,0 -73.76398779305181,45.46042888404775,0 -73.76408531246334,45.460546425186,0 -73.7641402239573,45.46068220560991,0 -73.7641609727951,45.46091323009529,0 -73.76419562826158,45.46154088133467,0 -73.76418201713916,45.46160333391285,0 -73.76415234993591,45.46166401256251,0 -73.7640955006909,45.46174115375896,0 -73.76352884654656,45.4621819144767,0 
			</coordinates>
		</LineString>
	</Placemark>
	<Placemark id="0DD0CBEAEA3E86608A81">
		<name>Taxiway</name>
		<LookAt>
			<longitude>-73.76283027110071</longitude>
			<latitude>45.46022332244673</latitude>
			<altitude>28.21523262872707</altitude>
			<heading>0</heading>
			<tilt>0</tilt>
			<gx:fovy>35</gx:fovy>
			<range>434.5444799134567</range>
			<altitudeMode>absolute</altitudeMode>
		</LookAt>
		<styleUrl>#__managed_style_35D0ADCA783E86E3D2D4</styleUrl>
		<LineString>
			<coordinates>
				-73.76416217201381,45.46088748621111,0 -73.7642806894835,45.46014826554774,0 -73.76427794658808,45.46010388891951,0 -73.76423810466801,45.46004273606378,0 -73.76420443808489,45.45999443496306,0 -73.76369918308356,45.45966594472198,0 -73.76359211897589,45.45962317036869,0 -73.76348518533044,45.45960886433484,0 -73.7633971399804,45.45961000358706,0 -73.76327462824696,45.45963994999563,0 -73.76316754333595,45.45970592400275,0 -73.76270490840272,45.46006080752473,0 
			</coordinates>
		</LineString>
	</Placemark>
	<Placemark id="0BAF6096533E86627634">
		<name>Taxiway</name>
		<LookAt>
			<longitude>-73.75914147879199</longitude>
			<latitude>45.46122292405867</latitude>
			<altitude>28.35973386281855</altitude>
			<heading>0</heading>
			<tilt>0</tilt>
			<gx:fovy>35</gx:fovy>
			<range>62.54534290112134</range>
			<altitudeMode>absolute</altitudeMode>
		</LookAt>
		<styleUrl>#__managed_style_35D0ADCA783E86E3D2D4</styleUrl>
		<LineString>
			<coordinates>
				-73.76225716373852,45.46035011797782,0 -73.76122334810943,45.46104595328733,0 -73.76082229771107,45.46064147504276,0 -73.76069466902928,45.46050825518385,0 -73.76062832148575,45.46042860469241,0 -73.76059233336287,45.46033054874409,0 -73.76051810798607,45.45897073092096,0 -73.76022309950977,45.45788166977408,0 -73.76013368795644,45.45771956788923,0 -73.75997234374979,45.45754284882911,0 -73.75975928548516,45.45742090937267,0 -73.75802139365337,45.45646768465015,0 -73.7573456724451,45.45609512575893,0 -73.75719219328315,45.45600899882806,0 -73.7571359177596,45.45595337512404,0 -73.75709626908983,45.45588339689306,0 -73.75652032335981,45.45387489210659,0 -73.75648666953805,45.45382046780962,0 -73.75644615004953,45.45378255392411,0 -73.75635433443928,45.45372673370041,0 -73.75622329545756,45.45369255900834,0 -73.75610194688856,45.45369177858643,0 -73.75399316366124,45.45401201823941,0 -73.75388984581758,45.45403442690886,0 -73.75381838073363,45.45407478438193,0 -73.75376681774111,45.45413335631499,0 -73.75375549157941,45.45418346611621,0 -73.75375626298555,45.45423482196954,0 -73.753778933757,45.45428433548285,0 -73.75382081819859,45.45433013769747,0 -73.75390718095566,45.45437145483475,0 -73.75403334576751,45.45438973937265,0 -73.75422041292514,45.45436472744868,0 -73.75620593693012,45.45406273633543,0 -73.75691319989352,45.45395321255419,0 -73.75706390183151,45.45395138410846,0 -73.75716033134738,45.45398092920429,0 -73.75724857799919,45.45401999493367,0 -73.75732314542522,45.45408856345152,0 -73.7573557054485,45.45413809600642,0 -73.75802014752101,45.45646868187646,0 -73.75824072761789,45.45724278291191,0 -73.75832047321637,45.4574761686198,0 -73.75839366559131,45.45757105354915,0 -73.75848424732175,45.45763907264768,0 -73.7590920605635,45.45797658260293,0 -73.75918612847795,45.45805500948973,0 -73.75924469351537,45.45814486987156,0 -73.759334799482,45.45845152476414,0 -73.7594985986036,45.45903887489588,0 -73.75956437657283,45.46051969598711,0 -73.75958927703559,45.46092662232009,0 -73.75954355381407,45.46103815725316,0 -73.75949470886924,45.46110670727171,0 -73.75940311626891,45.46116452550211,0 -73.75928099258803,45.46122020230168,0 -73.75908433177766,45.46125162384328,0 
			</coordinates>
		</LineString>
	</Placemark>
	<Placemark id="0D0AC75F7A3E8663CDA1">
		<name>Taxiway</name>
		<LookAt>
			<longitude>-73.75710891040703</longitude>
			<latitude>45.4538652496208</latitude>
			<altitude>28.14227008209426</altitude>
			<heading>0</heading>
			<tilt>0</tilt>
			<gx:fovy>35</gx:fovy>
			<range>164.9169054365302</range>
			<altitudeMode>absolute</altitudeMode>
		</LookAt>
		<styleUrl>#__managed_style_35D0ADCA783E86E3D2D4</styleUrl>
		<LineString>
			<coordinates>
				-73.75389007448351,45.45419028682304,0 -73.75669959514798,45.4537600365387,0 -73.75689632371288,45.45376348946202,0 -73.7570453706322,45.45380491561855,0 -73.75719590082267,45.45388391664551,0 -73.75732343099624,45.45402145259467,0 -73.75735497633659,45.45413237181728,0 
			</coordinates>
		</LineString>
	</Placemark>
	<Placemark id="02F62BF7483E866463A0">
		<name>Taxiway</name>
		<LookAt>
			<longitude>-73.75717681311885</longitude>
			<latitude>45.45381713115879</latitude>
			<altitude>28.14141494694249</altitude>
			<heading>0</heading>
			<tilt>0</tilt>
			<gx:fovy>35</gx:fovy>
			<range>109.1027429974747</range>
			<altitudeMode>absolute</altitudeMode>
		</LookAt>
		<styleUrl>#__managed_style_35D0ADCA783E86E3D2D4</styleUrl>
		<LineString>
			<coordinates>
				-73.75652294995875,45.45388003770163,0 -73.75651737394674,45.45382692967986,0 -73.75654884568998,45.45373476715748,0 -73.75662935678763,45.45365404103784,0 -73.75676731128333,45.45359044477254,0 -73.7568486851786,45.45357821293532,0 -73.75696845045069,45.45358230799985,0 -73.75706258563098,45.45361003086426,0 -73.75717286530053,45.45367113439996,0 -73.75724585894046,45.45376223997385,0 -73.75732261201499,45.45402760802715,0 
			</coordinates>
		</LineString>
	</Placemark>
	<Placemark id="0C233D33E33E866492C3">
		<name>Taxiway</name>
		<LookAt>
			<longitude>-73.75642986447005</longitude>
			<latitude>45.45363486138019</latitude>
			<altitude>28.01512778205863</altitude>
			<heading>0</heading>
			<tilt>0</tilt>
			<gx:fovy>35</gx:fovy>
			<range>140.616316621381</range>
			<altitudeMode>absolute</altitudeMode>
		</LookAt>
		<styleUrl>#__managed_style_35D0ADCA783E86E3D2D4</styleUrl>
		<LineString>
			<coordinates>
				-73.75751081360529,45.45347689034856,0 -73.75611047712748,45.45369065341487,0 
			</coordinates>
		</LineString>
	</Placemark>
	<Placemark id="0970608A0D3E86658813">
		<name>Taxiway</name>
		<LookAt>
			<longitude>-73.75775581668427</longitude>
			<latitude>45.4572072684978</latitude>
			<altitude>28.5410073259138</altitude>
			<heading>0</heading>
			<tilt>0</tilt>
			<gx:fovy>35</gx:fovy>
			<range>530.6806656035042</range>
			<altitudeMode>absolute</altitudeMode>
		</LookAt>
		<styleUrl>#__managed_style_35D0ADCA783E86E3D2D4</styleUrl>
		<LineString>
			<coordinates>
				-73.75782416308411,45.4557967236906,0 -73.75779755638732,45.45590160099601,0 -73.75772908693354,45.455983483609,0 -73.75760341859802,45.45605128051626,0 -73.75747253753252,45.45607727285067,0 -73.75649883010033,45.45622391028558,0 -73.75563063436594,45.45636246881406,0 -73.75538593972979,45.45639757168687,0 -73.75526585373289,45.45644947554666,0 -73.75521823740252,45.45648576108687,0 -73.75511114177145,45.45662635421031,0 -73.75472486757378,45.45715145452432,0 -73.75468774798561,45.45724065386485,0 -73.75467495523478,45.45731880826652,0 -73.75469432457804,45.45739102368898,0 -73.75475438692953,45.45748943144834,0 -73.75481059884339,45.45755081053435,0 -73.7549217714155,45.45761542019851,0 -73.75507099195377,45.45765624109021,0 -73.75516950015225,45.45766740097379,0 -73.7552963378443,45.45765896441733,0 -73.75730677798265,45.45720909784956,0 -73.75743063842708,45.45719206037417,0 -73.75759302654816,45.4571987685167,0 -73.75935134131505,45.45731888281191,0 -73.75944117900602,45.45733148573569,0 -73.75958039740661,45.45736174316493,0 -73.75973584823632,45.45741466521402,0 
			</coordinates>
		</LineString>
	</Placemark>
	<Placemark id="0B9979AC583E8665DC73">
		<name>Taxiway</name>
		<LookAt>
			<longitude>-73.75727219333083</longitude>
			<latitude>45.45613126894008</latitude>
			<altitude>28.01738780170558</altitude>
			<heading>0</heading>
			<tilt>0</tilt>
			<gx:fovy>35</gx:fovy>
			<range>128.310367250906</range>
			<altitudeMode>absolute</altitudeMode>
		</LookAt>
		<styleUrl>#__managed_style_35D0ADCA783E86E3D2D4</styleUrl>
		<LineString>
			<coordinates>
				-73.7570936199571,45.45588293953115,0 -73.75709814547757,45.45595551916574,0 -73.75705954276854,45.45603534845363,0 -73.75699244975763,45.45610554359505,0 -73.75685179601575,45.45617171587315,0 
			</coordinates>
		</LineString>
	</Placemark>
	<Placemark id="0A5605DDFD3E86661B98">
		<name>Taxiway</name>
		<LookAt>
			<longitude>-73.75849554391431</longitude>
			<latitude>45.45752067719791</latitude>
			<altitude>28.92115743510869</altitude>
			<heading>0</heading>
			<tilt>0</tilt>
			<gx:fovy>35</gx:fovy>
			<range>210.7521494808316</range>
			<altitudeMode>absolute</altitudeMode>
		</LookAt>
		<styleUrl>#__managed_style_35D0ADCA783E86E3D2D4</styleUrl>
		<LineString>
			<coordinates>
				-73.75709701783207,45.45589089816953,0 -73.75723466665356,45.45635840653326,0 -73.75742414229653,45.45700930409006,0 -73.75748700458196,45.45708355076902,0 -73.75778877423056,45.45725751727868,0 -73.75849181005358,45.45763951459245,0 
			</coordinates>
		</LineString>
	</Placemark>
	<Placemark id="00D84DFAF23E866674C9">
		<name>Taxiway</name>
		<LookAt>
			<longitude>-73.75731538385816</longitude>
			<latitude>45.45631530564627</latitude>
			<altitude>28.04884149312698</altitude>
			<heading>0</heading>
			<tilt>0</tilt>
			<gx:fovy>35</gx:fovy>
			<range>68.34163171541149</range>
			<altitudeMode>absolute</altitudeMode>
		</LookAt>
		<styleUrl>#__managed_style_35D0ADCA783E86E3D2D4</styleUrl>
		<LineString>
			<coordinates>
				-73.75749121511575,45.45607339310818,0 -73.75740345582712,45.45610323764372,0 -73.75735976090266,45.45612847274887,0 -73.75728926902366,45.45618838660969,0 -73.7572450483362,45.45625980983337,0 -73.7572323838686,45.45635812102516,0 -73.75716622942066,45.45627394467276,0 -73.75708073847385,45.45621993081453,0 -73.75699912075177,45.45619280220112,0 -73.75688713207306,45.45617221210591,0 -73.75683813694535,45.45617390904282,0 
			</coordinates>
		</LineString>
	</Placemark>
	<Placemark id="0D635370133E8666A634">
		<name>Taxiway</name>
		<LookAt>
			<longitude>-73.75731926897177</longitude>
			<latitude>45.45611477830576</latitude>
			<altitude>27.99455429010506</altitude>
			<heading>0</heading>
			<tilt>0</tilt>
			<gx:fovy>35</gx:fovy>
			<range>48.31799951572066</range>
			<altitudeMode>absolute</altitudeMode>
		</LookAt>
		<styleUrl>#__managed_style_35D0ADCA783E86E3D2D4</styleUrl>
		<LineString>
			<coordinates>
				-73.75748027614252,45.45617341971958,0 -73.75741425153647,45.45614321434928,0 -73.75735822757007,45.45612761631932,0 -73.75730299242103,45.45611860909106,0 -73.75723104326461,45.45611410232956,0 -73.7572088002958,45.45611710592861,0 
			</coordinates>
		</LineString>
	</Placemark>
	<Placemark id="067285CA663E8666F4CE">
		<name>Taxiway</name>
		<LookAt>
			<longitude>-73.75635798033349</longitude>
			<latitude>45.45411145964204</latitude>
			<altitude>27.73518522583401</altitude>
			<heading>0</heading>
			<tilt>0</tilt>
			<gx:fovy>35</gx:fovy>
			<range>56.73563425680186</range>
			<altitudeMode>absolute</altitudeMode>
		</LookAt>
		<styleUrl>#__managed_style_35D0ADCA783E86E3D2D4</styleUrl>
		<LineString>
			<coordinates>
				-73.75661836815323,45.4542251537741,0 -73.75656761240793,45.45416651206263,0 -73.75650248022995,45.45411874858929,0 -73.75642291926189,45.4540839253991,0 -73.75630191428851,45.45406037400373,0 -73.75620453404353,45.45406196292571,0 
			</coordinates>
		</LineString>
	</Placemark>
	<Placemark id="0C5F61AD983E8667FE24">
		<name>Taxiway</name>
		<LookAt>
			<longitude>-73.7602139249588</longitude>
			<latitude>45.46062817205101</latitude>
			<altitude>28.90912688883202</altitude>
			<heading>0</heading>
			<tilt>0</tilt>
			<gx:fovy>35</gx:fovy>
			<range>147.5656562374206</range>
			<altitudeMode>absolute</altitudeMode>
		</LookAt>
		<styleUrl>#__managed_style_35D0ADCA783E86E3D2D4</styleUrl>
		<LineString>
			<coordinates>
				-73.76159301131175,45.46079690192757,0 -73.76152687188082,45.46086144505004,0 -73.76148034925967,45.46092915985005,0 -73.7614512668177,45.4610197169942,0 -73.76144423778787,45.46112104713693,0 -73.76147114914369,45.46120177204031,0 -73.76157677212387,45.46139118734095,0 -73.76122312743107,45.46104016516098,0 -73.76113477426972,45.46109361816824,0 -73.76105544696497,45.46112598871974,0 -73.76093993572989,45.46116401926411,0 -73.76083038389741,45.4611872460308,0 -73.76069756913469,45.46120412928318,0 -73.76008986334271,45.46122103682519,0 -73.75998627559994,45.46121394855242,0 -73.75983353765162,45.46117055265776,0 -73.75975163898165,45.46112719312134,0 -73.75967736101163,45.46106262330616,0 -73.75961849263096,45.46099464844795,0 -73.75958505809861,45.46088708677692,0 -73.75959749889147,45.46080316306318,0 -73.75967407114352,45.46067937420359,0 -73.75978877262263,45.46058646869761,0 -73.75990340113383,45.4605356068647,0 -73.76003723723568,45.4605033016706,0 -73.76041399663769,45.46049494957639,0 -73.76060229988722,45.46053163674824,0 -73.76071741702728,45.46057382263819,0 -73.76082238984374,45.46064170799851,0 
			</coordinates>
		</LineString>
	</Placemark>
	<Placemark id="00E35D26FF3E866859E7">
		<name>Taxiway</name>
		<LookAt>
			<longitude>-73.76045048046952</longitude>
			<latitude>45.46044131438781</latitude>
			<altitude>28.82794714760901</altitude>
			<heading>0</heading>
			<tilt>0</tilt>
			<gx:fovy>35</gx:fovy>
			<range>186.6287650015875</range>
			<altitudeMode>absolute</altitudeMode>
		</LookAt>
		<styleUrl>#__managed_style_35D0ADCA783E86E3D2D4</styleUrl>
		<LineString>
			<coordinates>
				-73.76018312407086,45.46122006146463,0 -73.76034017432193,45.46118805821013,0 -73.76045829969823,45.46113050156143,0 -73.76056017955828,45.4610324918136,0 -73.76061238302623,45.46095158751726,0 -73.76061886389557,45.46083228106442,0 -73.76059390784729,45.46034751779388,0 -73.76057638442938,45.46011548910112,0 -73.76061765271363,45.46020070879126,0 -73.76066896315427,45.46028313557056,0 -73.76072854954936,45.46034118259693,0 -73.7607997224317,45.46038645936608,0 -73.76089380976677,45.46042826045616,0 -73.76099494189573,45.46045727329476,0 -73.76110427614749,45.46047352877314,0 
			</coordinates>
		</LineString>
	</Placemark>
	<Placemark id="0E1ABFA4073E8668E62E">
		<name>Taxiway</name>
		<LookAt>
			<longitude>-73.7593933733294</longitude>
			<latitude>45.46058806350776</latitude>
			<altitude>28.9479958587646</altitude>
			<heading>0</heading>
			<tilt>0</tilt>
			<gx:fovy>35</gx:fovy>
			<range>127.4087702246107</range>
			<altitudeMode>absolute</altitudeMode>
		</LookAt>
		<styleUrl>#__managed_style_35D0ADCA783E86E3D2D4</styleUrl>
		<LineString>
			<coordinates>
				-73.7605757084189,45.46014959174508,0 -73.76050348147722,45.46029412701651,0 -73.76040588598461,45.46038356011981,0 -73.76025042766237,45.4604668656411,0 -73.76006121135478,45.46050245969882,0 -73.75992325157712,45.46048161882837,0 -73.75981084730689,45.46044004491503,0 -73.75970043313718,45.46037601078617,0 -73.75960912702456,45.4602732011781,0 -73.75956031084857,45.46016303768091,0 -73.75952422903981,45.4602761784805,0 -73.75944145309181,45.46038038722191,0 -73.75932672072626,45.46046237291273,0 -73.75920804353245,45.4605039024568,0 -73.75908724267566,45.46052761728357,0 -73.75899435246333,45.46053161873962,0 -73.75913292876348,45.46054394392742,0 -73.75927447132865,45.46057409757577,0 -73.75936739858702,45.46061162896202,0 -73.75946795938782,45.46068377535568,0 -73.75953355551701,45.46074803730682,0 -73.75958573293046,45.46084738806634,0 
			</coordinates>
		</LineString>
	</Placemark>
	<Placemark id="0007FE648F3E86690FE8">
		<name>Taxiway</name>
		<LookAt>
			<longitude>-73.75730455583498</longitude>
			<latitude>45.46053123852893</latitude>
			<altitude>28.80412821315387</altitude>
			<heading>0</heading>
			<tilt>0</tilt>
			<gx:fovy>35</gx:fovy>
			<range>224.3475034700896</range>
			<altitudeMode>absolute</altitudeMode>
		</LookAt>
		<styleUrl>#__managed_style_35D0ADCA783E86E3D2D4</styleUrl>
		<LineString>
			<coordinates>
				-73.75759545826003,45.46057037264802,0 -73.75665832421242,45.4605992266573,0 
			</coordinates>
		</LineString>
	</Placemark>
	<Placemark id="0A51A5EADA3E8669984C">
		<name>Taxiway</name>
		<LookAt>
			<longitude>-73.7569173477745</longitude>
			<latitude>45.46142414677264</latitude>
			<altitude>28.04153660528891</altitude>
			<heading>0</heading>
			<tilt>0</tilt>
			<gx:fovy>35</gx:fovy>
			<range>149.2611439857865</range>
			<altitudeMode>absolute</altitudeMode>
		</LookAt>
		<styleUrl>#__managed_style_35D0ADCA783E86E3D2D4</styleUrl>
		<LineString>
			<coordinates>
				-73.75717668990951,45.46100464432094,0 -73.75721087738104,45.46108433856254,0 -73.75728434445317,45.46115930940216,0 -73.75737512601118,45.46121818869034,0 -73.75749123805296,45.46126339767434,0 -73.75759938497862,45.46128442438858,0 -73.75770295901464,45.46128603866017,0 -73.75757454735853,45.46131411610914,0 -73.7574508640528,45.46135910281051,0 -73.75735489727505,45.4614194500598,0 -73.75727891690509,45.46149276769531,0 -73.75723802698091,45.46156313680453,0 -73.75720914845694,45.46168285081773,0 -73.75716870854845,45.46156568898606,0 -73.75711587690034,45.46149913244696,0 -73.75703907959644,45.46143038643523,0 -73.75692199384406,45.46137235629083,0 -73.75682338787612,45.46133636169274,0 -73.75672059568723,45.46131869264818,0 
			</coordinates>
		</LineString>
	</Placemark>
	<Placemark id="086CF08EF33E866A8E74">
		<name>Taxiway</name>
		<LookAt>
			<longitude>-73.75720852836746</longitude>
			<latitude>45.46291427630908</latitude>
			<altitude>29.12807466118993</altitude>
			<heading>0</heading>
			<tilt>0</tilt>
			<gx:fovy>35</gx:fovy>
			<range>198.1838180968043</range>
			<altitudeMode>absolute</altitudeMode>
		</LookAt>
		<styleUrl>#__managed_style_35D0ADCA783E86E3D2D4</styleUrl>
		<LineString>
			<coordinates>
				-73.75778665970641,45.46292414610782,0 -73.75767647876893,45.46290749250522,0 -73.75756429481117,45.4628753441873,0 -73.7574490042264,45.46282368192827,0 -73.75737665441208,45.46276769104738,0 -73.75730851026086,45.4626922974481,0 -73.75726075954773,45.46258220348542,0 -73.75722569190957,45.46269226466367,0 -73.75717529778299,45.46276661213819,0 -73.75709392166682,45.46283419542114,0 -73.7569862645541,45.46289693758559,0 -73.75686182243443,45.46293312647808,0 -73.75672979235156,45.4629565426759,0 -73.7568689559354,45.46296369380097,0 -73.75699380747396,45.46299427935661,0 -73.75710077338965,45.4630544608662,0 -73.75717758542797,45.46314424464659,0 -73.75718677386334,45.4632320509934,0 -73.75723914890349,45.46308920435171,0 -73.75730007493628,45.46302626151586,0 -73.75735781944525,45.46298397284495,0 -73.75743716960136,45.46295494365109,0 -73.75756055555915,45.46293260172046,0 
			</coordinates>
		</LineString>
	</Placemark>
	<Placemark id="0BDAEA0D803E866B0418">
		<name>Taxiway</name>
		<LookAt>
			<longitude>-73.75384988185402</longitude>
			<latitude>45.4695618202709</latitude>
			<altitude>31.02868603122562</altitude>
			<heading>0</heading>
			<tilt>0</tilt>
			<gx:fovy>35</gx:fovy>
			<range>120.5237136803953</range>
			<altitudeMode>absolute</altitudeMode>
		</LookAt>
		<styleUrl>#__managed_style_35D0ADCA783E86E3D2D4</styleUrl>
		<LineString>
			<coordinates>
				-73.75690444303973,45.46413127877118,0 -73.75620037629403,45.4663391504465,0 -73.75591370991661,45.46719954812112,0 -73.7557830297587,45.46750460152836,0 -73.75557123279818,45.4678677645002,0 -73.75528702837246,45.46827369756324,0 -73.75502924718622,45.46858270579623,0 -73.75470465207657,45.46889642484701,0 -73.75379433432009,45.46961931586313,0 
			</coordinates>
		</LineString>
	</Placemark>
	<Placemark id="02F8CA97823E866BECCC">
		<name>Taxiway</name>
		<LookAt>
			<longitude>-73.75289410696534</longitude>
			<latitude>45.46672943409468</latitude>
			<altitude>29.28438146436467</altitude>
			<heading>0</heading>
			<tilt>0</tilt>
			<gx:fovy>35</gx:fovy>
			<range>99.43489116372805</range>
			<altitudeMode>absolute</altitudeMode>
		</LookAt>
		<styleUrl>#__managed_style_35D0ADCA783E86E3D2D4</styleUrl>
		<LineString>
			<coordinates>
				-73.75012313641255,45.46450303016602,0 -73.75024460676602,45.46662666050634,0 -73.75034189416775,45.46831091580398,0 -73.75039048190834,45.46843898292672,0 -73.75049831883923,45.46854702311246,0 -73.75070432352629,45.46864283818961,0 -73.75098234353965,45.46866830554467,0 -73.75119351067791,45.46861794645211,0 -73.75129889919251,45.46856002505903,0 -73.75136549382387,45.46851333338581,0 -73.75307476863553,45.46720824770691,0 -73.75314448490863,45.46712108535934,0 -73.75317962404505,45.46705166991505,0 -73.75320221034788,45.46695859972014,0 -73.7531768459361,45.46685197171549,0 -73.75312783844932,45.46676763060045,0 -73.75307589732589,45.46670452316108,0 -73.75298853285302,45.46664572672626,0 -73.75289675436423,45.46659868975066,0 -73.75278466798468,45.46656772798117,0 -73.75262406696079,45.46655165232234,0 
			</coordinates>
		</LineString>
	</Placemark>
	<Placemark id="0A40E919233E866C1063">
		<name>Taxiway</name>
		<LookAt>
			<longitude>-73.75307061525179</longitude>
			<latitude>45.46726521947028</latitude>
			<altitude>29.67729861691471</altitude>
			<heading>0</heading>
			<tilt>0</tilt>
			<gx:fovy>35</gx:fovy>
			<range>74.06802268443244</range>
			<altitudeMode>absolute</altitudeMode>
		</LookAt>
		<styleUrl>#__managed_style_35D0ADCA783E86E3D2D4</styleUrl>
		<LineString>
			<coordinates>
				-73.75411091975502,45.46641428065843,0 -73.75308439334192,45.46720252619031,0 
			</coordinates>
		</LineString>
	</Placemark>
	<Placemark id="0FF4D585473E866D9158">
		<name>Taxiway</name>
		<LookAt>
			<longitude>-73.75004588558842</longitude>
			<latitude>45.46666072443262</latitude>
			<altitude>29.92366212811063</altitude>
			<heading>0</heading>
			<tilt>0</tilt>
			<gx:fovy>35</gx:fovy>
			<range>99.20210694455818</range>
			<altitudeMode>absolute</altitudeMode>
		</LookAt>
		<styleUrl>#__managed_style_35D0ADCA783E86E3D2D4</styleUrl>
		<LineString>
			<coordinates>
				-73.74968590029798,45.46663741676021,0 -73.74987343802655,45.46665623670988,0 -73.75001787201299,45.46670579474281,0 -73.75012682363806,45.46677383244867,0 -73.75020943658156,45.46686310065011,0 -73.75026455042182,45.46698772462398,0 -73.750298758433,45.46686605486212,0 -73.75036022455946,45.46678332575036,0 -73.75044315964423,45.46671372255849,0 -73.75056752130574,45.46665396750257,0 -73.75077649856799,45.46660315603754,0 -73.75056974073085,45.46657603774526,0 -73.75045471783561,45.46651974810267,0 -73.75034553259817,45.46645118849681,0 -73.75027193307912,45.46637069933263,0 -73.75021769817454,45.46624839285921,0 -73.75018668412334,45.46637076156021,0 -73.75013097271744,45.46645010746541,0 -73.75002324233253,45.46653593288998,0 -73.74988943710076,45.46659978847468,0 -73.74974961290742,45.46663150457667,0 
			</coordinates>
		</LineString>
	</Placemark>
	<Placemark id="0516BEE3263E866DEDFC">
		<name>Taxiway</name>
		<LookAt>
			<longitude>-73.74985279289629</longitude>
			<latitude>45.46488364674813</latitude>
			<altitude>29.3729497019754</altitude>
			<heading>0</heading>
			<tilt>0</tilt>
			<gx:fovy>35</gx:fovy>
			<range>255.0949067807596</range>
			<altitudeMode>absolute</altitudeMode>
		</LookAt>
		<styleUrl>#__managed_style_35D0ADCA783E86E3D2D4</styleUrl>
		<LineString>
			<coordinates>
				-73.75015756362147,45.46520941498991,0 -73.7500741828581,45.46505278052401,0 -73.74993416866188,45.46494507892438,0 -73.74973967479498,45.46488007664084,0 -73.74959247315257,45.46487689910814,0 
			</coordinates>
		</LineString>
	</Placemark>
	<Placemark id="01542769163E866F10CE">
		<name>Taxiway</name>
		<LookAt>
			<longitude>-73.73700753084645</longitude>
			<latitude>45.48240965449659</latitude>
			<altitude>32.16884955582328</altitude>
			<heading>0</heading>
			<tilt>0</tilt>
			<gx:fovy>35</gx:fovy>
			<range>110.2219081489602</range>
			<altitudeMode>absolute</altitudeMode>
		</LookAt>
		<styleUrl>#__managed_style_35D0ADCA783E86E3D2D4</styleUrl>
		<LineString>
			<coordinates>
				-73.7503463724056,45.46830891763372,0 -73.75038958447803,45.46908849413713,0 -73.75035269402574,45.46921183506842,0 -73.75025131682543,45.46936310038024,0 -73.74895844955189,45.47035439094036,0 -73.74510319667287,45.47330008236791,0 -73.73980512714132,45.47734728117494,0 -73.73409419003127,45.48170095287487,0 -73.7340331728702,45.48174908184726,0 -73.73400266403284,45.48179262720251,0 -73.73395690049026,45.48187360625995,0 -73.73393937870622,45.48200146094119,0 -73.73396638738042,45.48209324427616,0 -73.73400104825024,45.48215796995322,0 -73.73410387287066,45.48225709880172,0 -73.73445594265523,45.48248656873782,0 -73.73456726928562,45.48255327487593,0 -73.7346646132828,45.48259588212142,0 -73.73479908427721,45.48263256526855,0 -73.73524502584915,45.48268558338875,0 -73.73626249106985,45.48280338937605,0 -73.73632943795053,45.48280224609555,0 -73.73640282312662,45.48279430192159,0 -73.73652034451356,45.48276861666934,0 -73.7365852304705,45.48274163861311,0 -73.73662595352114,45.48271904802125,0 -73.73667970364194,45.48268190426171,0 -73.73723632406453,45.48226209417474,0 
			</coordinates>
		</LineString>
	</Placemark>
	<Placemark id="0C0C4AF3FA3E866F53BC">
		<name>Taxiway</name>
		<LookAt>
			<longitude>-73.75038399455197</longitude>
			<latitude>45.46926989086694</latitude>
			<altitude>30.81178784532145</altitude>
			<heading>0</heading>
			<tilt>0</tilt>
			<gx:fovy>35</gx:fovy>
			<range>77.91659931972391</range>
			<altitudeMode>absolute</altitudeMode>
		</LookAt>
		<styleUrl>#__managed_style_35D0ADCA783E86E3D2D4</styleUrl>
		<LineString>
			<coordinates>
				-73.75127377538254,45.46858258914736,0 -73.75038249360352,45.46925979397458,0 -73.75025015598752,45.46936062052981,0 
			</coordinates>
		</LineString>
	</Placemark>
	<Placemark id="0C9FA5ECC83E866FE121">
		<name>Taxiway</name>
		<LookAt>
			<longitude>-73.74840612528779</longitude>
			<latitude>45.47147890722682</latitude>
			<altitude>30.91857664254664</altitude>
			<heading>0</heading>
			<tilt>0</tilt>
			<gx:fovy>35</gx:fovy>
			<range>237.7473080535492</range>
			<altitudeMode>absolute</altitudeMode>
		</LookAt>
		<styleUrl>#__managed_style_35D0ADCA783E86E3D2D4</styleUrl>
		<LineString>
			<coordinates>
				-73.74795498489502,45.47112946865283,0 -73.74790565428812,45.47120292253797,0 -73.74787551638103,45.4712839255643,0 -73.74787067554294,45.47137342641171,0 -73.74789343015469,45.47146816344393,0 -73.74796931792808,45.47156741058746,0 -73.74810306792804,45.47166432912469,0 -73.74827043364313,45.47172651527683,0 -73.74839941070886,45.47174409950988,0 -73.74857391971707,45.47173727462501,0 -73.74887757249047,45.47166981925116,0 
			</coordinates>
		</LineString>
	</Placemark>
	<Placemark id="058247E8253E867054F4">
		<name>Taxiway</name>
		<LookAt>
			<longitude>-73.74664748540933</longitude>
			<latitude>45.47215664560028</latitude>
			<altitude>32.26438900391038</altitude>
			<heading>0</heading>
			<tilt>0</tilt>
			<gx:fovy>35</gx:fovy>
			<range>99.28289246712666</range>
			<altitudeMode>absolute</altitudeMode>
		</LookAt>
		<styleUrl>#__managed_style_35D0ADCA783E86E3D2D4</styleUrl>
		<LineString>
			<coordinates>
				-73.75284471588529,45.47031225975063,0 -73.7525384154692,45.47050032390869,0 -73.7522464635837,45.47066061147289,0 -73.75174674446416,45.47088996188556,0 -73.75122603078238,45.47109400389849,0 -73.7504688633944,45.47131627937947,0 -73.74968350545585,45.47149312901112,0 -73.74888114207329,45.47167325349278,0 -73.74674681381826,45.47213867873111,0 -73.74665357256444,45.47216052405184,0 -73.74655925235101,45.47219762828309,0 -73.74646195341961,45.47226131532931,0 
			</coordinates>
		</LineString>
	</Placemark>
	<Placemark id="04771C4AFB3E8670FA40">
		<name>Taxiway</name>
		<LookAt>
			<longitude>-73.74519841423121</longitude>
			<latitude>45.47340209317544</latitude>
			<altitude>32.34751087065084</altitude>
			<heading>0</heading>
			<tilt>0</tilt>
			<gx:fovy>35</gx:fovy>
			<range>74.4411067069268</range>
			<altitudeMode>absolute</altitudeMode>
		</LookAt>
		<styleUrl>#__managed_style_35D0ADCA783E86E3D2D4</styleUrl>
		<LineString>
			<coordinates>
				-73.75090411924691,45.47182643816278,0 -73.75017552605614,45.47237698935687,0 -73.74984695445897,45.47259176627784,0 -73.7493810315563,45.47285546996674,0 -73.74894370766745,45.47306590510739,0 -73.74840317915461,45.47328323105129,0 -73.74778602022097,45.47347587857568,0 -73.74737822890478,45.47357609872434,0 -73.74647441193176,45.47378052447161,0 -73.74562781377202,45.47395585770562,0 -73.7455128402859,45.47396150172714,0 -73.74534944589247,45.47394028316959,0 -73.74523045722553,45.47389642371213,0 -73.74510193335125,45.47381803429027,0 -73.74505388777359,45.47376238838075,0 -73.74500570437806,45.47370075353682,0 -73.7449837518749,45.47364043678461,0 -73.74496851205811,45.47357476644424,0 -73.74497834537048,45.47350299750209,0 -73.74499613033514,45.47343635755778,0 -73.74503505006901,45.47337333814149,0 -73.74509500118234,45.47330821300667,0 
			</coordinates>
		</LineString>
	</Placemark>
	<Placemark id="0EFD4892713E8671EA07">
		<name>Taxiway</name>
		<LookAt>
			<longitude>-73.73971599888354</longitude>
			<latitude>45.47756680200406</latitude>
			<altitude>31.20045502910334</altitude>
			<heading>0</heading>
			<tilt>0</tilt>
			<gx:fovy>35</gx:fovy>
			<range>92.65945887008458</range>
			<altitudeMode>absolute</altitudeMode>
		</LookAt>
		<styleUrl>#__managed_style_35D0ADCA783E86E3D2D4</styleUrl>
		<LineString>
			<coordinates>
				-73.74562753460667,45.47585513600925,0 -73.7448878583707,45.47641212016894,0 -73.74470903431116,45.47653553945576,0 -73.74404101220533,45.47691644958927,0 -73.74335548710266,45.47722655707596,0 -73.74269672978535,45.47744806737111,0 -73.74230182653469,45.47756190628614,0 -73.74189780284729,45.4776528018146,0 -73.74119744545791,45.47781140299735,0 -73.74033376216062,45.47799676634403,0 -73.74018822101146,45.47798963483019,0 -73.74005606719007,45.47796501912286,0 -73.73994362336823,45.47792954885981,0 -73.73986199444109,45.47787815199779,0 -73.73977763488026,45.47780658795558,0 -73.73972180925627,45.4777301754503,0 -73.73969244236416,45.47764459811167,0 -73.7396880777445,45.47756550640178,0 -73.73971107579442,45.47747000163157,0 -73.73979721373665,45.47735152466282,0 
			</coordinates>
		</LineString>
	</Placemark>
	<Placemark id="0FBFB0EB0B3E86723E78">
		<name>Taxiway</name>
		<LookAt>
			<longitude>-73.73913636493963</longitude>
			<latitude>45.47794793290002</latitude>
			<altitude>31.24674816719764</altitude>
			<heading>0</heading>
			<tilt>0</tilt>
			<gx:fovy>35</gx:fovy>
			<range>96.49261660740194</range>
			<altitudeMode>absolute</altitudeMode>
		</LookAt>
		<styleUrl>#__managed_style_35D0ADCA783E86E3D2D4</styleUrl>
		<LineString>
			<coordinates>
				-73.73977599032183,45.47780453798923,0 -73.73968919575063,45.47773162044827,0 -73.73961364380547,45.4776687415005,0 -73.73952517126254,45.47764193240942,0 -73.73945083528025,45.4776257286809,0 -73.73935031313445,45.47763771077577,0 -73.73928091050205,45.47765885607781,0 -73.73921523450606,45.47769483544479,0 -73.7391760872967,45.47773432730759,0 -73.73878163659191,45.4781227918112,0 
			</coordinates>
		</LineString>
	</Placemark>
	<Placemark id="073E0360843E8672F71B">
		<name>Taxiway</name>
		<LookAt>
			<longitude>-73.73516183992697</longitude>
			<latitude>45.48264836153981</latitude>
			<altitude>31.37780642195342</altitude>
			<heading>0</heading>
			<tilt>0</tilt>
			<gx:fovy>35</gx:fovy>
			<range>33.88160287569463</range>
			<altitudeMode>absolute</altitudeMode>
		</LookAt>
		<styleUrl>#__managed_style_35D0ADCA783E86E3D2D4</styleUrl>
		<LineString>
			<coordinates>
				-73.73524031736582,45.48268237194311,0 -73.73517563210262,45.48266238048714,0 -73.73466894813272,45.48233842074777,0 -73.7340953054026,45.48196194848605,0 -73.7340543491986,45.48190451638063,0 -73.73403453186259,45.48183596837316,0 -73.73404642284034,45.48176278873584,0 -73.73409927010132,45.4816988725456,0 -73.73394278932125,45.48181217881741,0 -73.73369993368527,45.48200457580838,0 -73.73365344891059,45.48204527125702,0 -73.73362663675013,45.4820989082333,0 -73.73361480528742,45.48215479306408,0 -73.73363099562415,45.48221286090683,0 -73.73368123984999,45.48228376935053,0 -73.73423981593878,45.4826514013382,0 -73.73429584424618,45.4826811152114,0 -73.73439832704715,45.48269711077162,0 -73.73449596569365,45.48269664194142,0 -73.73512628350636,45.48268227241111,0 -73.73522448523364,45.48268445545327,0 
			</coordinates>
		</LineString>
	</Placemark>
	<Placemark id="0B7B69167F3E8673537B">
		<name>Taxiway</name>
		<LookAt>
			<longitude>-73.7339117034639</longitude>
			<latitude>45.48183000850752</latitude>
			<altitude>31.24608356396541</altitude>
			<heading>0</heading>
			<tilt>0</tilt>
			<gx:fovy>35</gx:fovy>
			<range>25.74321474889985</range>
			<altitudeMode>absolute</altitudeMode>
		</LookAt>
		<styleUrl>#__managed_style_35D0ADCA783E86E3D2D4</styleUrl>
		<LineString>
			<coordinates>
				-73.73410733752414,45.48225744921223,0 -73.73370148812502,45.48200404060702,0 -73.73360828811431,45.48194456220602,0 -73.733533230201,45.48190821231557,0 -73.73348912388643,45.48190007418327,0 -73.73357191987775,45.48190387207048,0 -73.73366554889986,45.48190061703515,0 -73.73374524120396,45.48188494119039,0 -73.73382714649999,45.48186445034259,0 -73.73388608409748,45.48183980396387,0 -73.73394595037799,45.48180899821725,0 
			</coordinates>
		</LineString>
	</Placemark>
	<Placemark id="0BB5D654863E8673DECE">
		<name>Taxiway</name>
		<LookAt>
			<longitude>-73.73033392327422</longitude>
			<latitude>45.480488890772</latitude>
			<altitude>31.62606117517854</altitude>
			<heading>0</heading>
			<tilt>0</tilt>
			<gx:fovy>35</gx:fovy>
			<range>123.5170774601102</range>
			<altitudeMode>absolute</altitudeMode>
		</LookAt>
		<styleUrl>#__managed_style_35D0ADCA783E86E3D2D4</styleUrl>
		<LineString>
			<coordinates>
				-73.73349198698752,45.48190079125489,0 -73.73233972672539,45.48179339490812,0 -73.73197766910391,45.48175666220123,0 -73.73191788762381,45.48174783472134,0 -73.73183719096964,45.48173239240973,0 -73.73159852802409,45.48166865840523,0 -73.73108621669938,45.48144156103077,0 -73.73077431957041,45.48122682514982,0 -73.73064630932865,45.48110469321279,0 -73.73047260349938,45.48091143969733,0 -73.7304211621922,45.48082514202245,0 -73.73036674909672,45.48063294552653,0 -73.73033611475,45.48058934249104,0 -73.73024081169952,45.48052633374449,0 
			</coordinates>
		</LineString>
	</Placemark>
	<Placemark id="0848416FC53E86747563">
		<name>Taxiway</name>
		<LookAt>
			<longitude>-73.73283919332941</longitude>
			<latitude>45.4799616024052</latitude>
			<altitude>32.21115344767856</altitude>
			<heading>0</heading>
			<tilt>0</tilt>
			<gx:fovy>35</gx:fovy>
			<range>194.4852758565685</range>
			<altitudeMode>absolute</altitudeMode>
		</LookAt>
		<styleUrl>#__managed_style_35D0ADCA783E86E3D2D4</styleUrl>
		<LineString>
			<coordinates>
				-73.73351101182851,45.48190296846448,0 -73.733380643647,45.48187786958313,0 -73.73329402727077,45.48185274617486,0 -73.73320333650881,45.48180731232029,0 -73.73314147529395,45.48176114507337,0 -73.73307662496129,45.48169885658153,0 -73.73302873321114,45.48163241658617,0 -73.73300259863855,45.48154018962853,0 -73.73300260453381,45.48144075410551,0 -73.73303375375758,45.48135266854535,0 -73.73310262845541,45.48126307791009,0 -73.7337291485524,45.48078215364491,0 -73.73377514495476,45.48073407115839,0 -73.73380274255037,45.48063145616885,0 -73.733778563844,45.48053287376785,0 -73.73371170070142,45.48045247837943,0 -73.73341215319526,45.48026018461204,0 -73.7326427960114,45.47977648406263,0 
			</coordinates>
		</LineString>
	</Placemark>
	<Placemark id="0C387FB0983E8674F3C0">
		<name>Taxiway</name>
		<LookAt>
			<longitude>-73.72907396754348</longitude>
			<latitude>45.48339210288216</latitude>
			<altitude>32.16886915577684</altitude>
			<heading>0</heading>
			<tilt>0</tilt>
			<gx:fovy>35</gx:fovy>
			<range>129.875307170878</range>
			<altitudeMode>absolute</altitudeMode>
		</LookAt>
		<styleUrl>#__managed_style_35D0ADCA783E86E3D2D4</styleUrl>
		<LineString>
			<coordinates>
				-73.73310598655388,45.4812678986423,0 -73.73272711534311,45.48155283801218,0 -73.73246997195791,45.48174272665135,0 -73.73217755769525,45.48186105153672,0 -73.7311495670733,45.48265024522883,0 -73.73079786390214,45.48291184943011,0 -73.73062955753093,45.48295095273319,0 -73.73047161364813,45.48293590088776,0 -73.73036887391216,45.48290472212757,0 -73.73004135857764,45.48269198684956,0 -73.7299348218715,45.48267411905164,0 -73.72981464147601,45.48270430189038,0 -73.72880105597082,45.48348232416781,0 -73.72874488738633,45.483498388229,0 -73.72868183281327,45.48350074439738,0 -73.72859810535957,45.48348457653092,0 -73.72851644262664,45.48342889825162,0 
			</coordinates>
		</LineString>
	</Placemark>
	<Placemark id="0F5985908D3E86752E69">
		<name>Taxiway</name>
		<LookAt>
			<longitude>-73.72927572242192</longitude>
			<latitude>45.48287167833488</latitude>
			<altitude>32.51524462641151</altitude>
			<heading>0</heading>
			<tilt>0</tilt>
			<gx:fovy>35</gx:fovy>
			<range>107.8601223629994</range>
			<altitudeMode>absolute</altitudeMode>
		</LookAt>
		<styleUrl>#__managed_style_35D0ADCA783E86E3D2D4</styleUrl>
		<LineString>
			<coordinates>
				-73.72928627904085,45.48311239324531,0 -73.72931408118012,45.48306582000754,0 -73.72931404711463,45.48301123565246,0 -73.72927189723063,45.48294794709456,0 -73.72918115065013,45.48289294321371,0 -73.72928911085516,45.48295666353482,0 -73.72936479733694,45.48297291158457,0 -73.72944070402779,45.48296835184113,0 -73.72949437415696,45.4829508502704,0 
			</coordinates>
		</LineString>
	</Placemark>
	<Placemark id="0D105DF8303E8675782E">
		<name>Taxiway</name>
		<LookAt>
			<longitude>-73.72802445615774</longitude>
			<latitude>45.48149645250986</latitude>
			<altitude>33.20020047022118</altitude>
			<heading>0</heading>
			<tilt>0</tilt>
			<gx:fovy>35</gx:fovy>
			<range>93.44956005465976</range>
			<altitudeMode>absolute</altitudeMode>
		</LookAt>
		<styleUrl>#__managed_style_35D0ADCA783E86E3D2D4</styleUrl>
		<LineString>
			<coordinates>
				-73.72980228763855,45.48271195867847,0 -73.72985115206393,45.48265606033893,0 -73.72983483530506,45.48257852427016,0 -73.72979868815356,45.4825382967706,0 -73.72807912419539,45.48143126248215,0 -73.72803356535336,45.48141385917706,0 -73.72796485291833,45.48140402073352,0 -73.72788703771491,45.48141562899638,0 -73.72781750055631,45.48144929320668,0 -73.72771046163656,45.48153522586035,0 
			</coordinates>
		</LineString>
	</Placemark>
	<Placemark id="033A77FC953E86759E31">
		<name>Taxiway</name>
		<LookAt>
			<longitude>-73.72980104085407</longitude>
			<latitude>45.48251649805783</latitude>
			<altitude>32.35444064041704</altitude>
			<heading>0</heading>
			<tilt>0</tilt>
			<gx:fovy>35</gx:fovy>
			<range>102.6832317139997</range>
			<altitudeMode>absolute</altitudeMode>
		</LookAt>
		<styleUrl>#__managed_style_35D0ADCA783E86E3D2D4</styleUrl>
		<LineString>
			<coordinates>
				-73.73006007986179,45.48269987502004,0 -73.72980650413066,45.48254123633552,0 
			</coordinates>
		</LineString>
	</Placemark>
	<Placemark id="019EE11C203E8675EE5C">
		<name>Taxiway</name>
		<LookAt>
			<longitude>-73.72801803403514</longitude>
			<latitude>45.48283392581914</latitude>
			<altitude>32.60310584680172</altitude>
			<heading>0</heading>
			<tilt>0</tilt>
			<gx:fovy>35</gx:fovy>
			<range>103.9620094034763</range>
			<altitudeMode>absolute</altitudeMode>
		</LookAt>
		<styleUrl>#__managed_style_35D0ADCA783E86E3D2D4</styleUrl>
		<LineString>
			<coordinates>
				-73.72880275833137,45.48189424202376,0 -73.72882587355677,45.48192493870327,0 -73.72884182239487,45.48196909430661,0 -73.72883281832208,45.48202528132612,0 -73.7287874327062,45.48207489565203,0 -73.72780862130801,45.48283247029665,0 -73.72778654510925,45.48286480178363,0 -73.72778199115318,45.4829236224485,0 -73.72781520407204,45.48297726513502,0 -73.72791673765605,45.48304618154776,0 
			</coordinates>
		</LineString>
	</Placemark>
	<Placemark id="0C8519E7FF3E86763464">
		<name>Taxiway</name>
		<LookAt>
			<longitude>-73.72840766140723</longitude>
			<latitude>45.48238757848016</latitude>
			<altitude>32.51855662387627</altitude>
			<heading>0</heading>
			<tilt>0</tilt>
			<gx:fovy>35</gx:fovy>
			<range>64.13131069811243</range>
			<altitudeMode>absolute</altitudeMode>
		</LookAt>
		<styleUrl>#__managed_style_35D0ADCA783E86E3D2D4</styleUrl>
		<LineString>
			<coordinates>
				-73.72828516646625,45.48246037866218,0 -73.72837086665247,45.48243986656136,0 -73.72842803207203,45.48244037668104,0 -73.72851726863495,45.48246503252468,0 -73.7286043963361,45.48252143998318,0 -73.72851710637562,45.48246461151862,0 -73.72849229752505,45.48243965092866,0 -73.72847014440673,45.4824014179998,0 -73.72846623091772,45.48236276019774,0 -73.72848504396212,45.48231327678135,0 -73.7284941477637,45.48230051082296,0 
			</coordinates>
		</LineString>
	</Placemark>
	<Placemark id="03BDE067243E86765DEC">
		<name>Taxiway</name>
		<LookAt>
			<longitude>-73.72895379181705</longitude>
			<latitude>45.48200624124544</latitude>
			<altitude>32.87451449270876</altitude>
			<heading>0</heading>
			<tilt>0</tilt>
			<gx:fovy>35</gx:fovy>
			<range>65.70273455150529</range>
			<altitudeMode>absolute</altitudeMode>
		</LookAt>
		<styleUrl>#__managed_style_35D0ADCA783E86E3D2D4</styleUrl>
		<LineString>
			<coordinates>
				-73.7290407294891,45.48205032097539,0 -73.72896195645646,45.48202862824276,0 -73.72890719953675,45.48202818964427,0 -73.72884259443292,45.48204450891932,0 -73.72878713650483,45.48207559376052,0 
			</coordinates>
		</LineString>
	</Placemark>
	<Placemark id="08F45C0A553E8676A248">
		<name>Taxiway</name>
		<LookAt>
			<longitude>-73.73222161469906</longitude>
			<latitude>45.48170844557188</latitude>
			<altitude>31.0431197227863</altitude>
			<heading>0</heading>
			<tilt>0</tilt>
			<gx:fovy>35</gx:fovy>
			<range>72.47903021072489</range>
			<altitudeMode>absolute</altitudeMode>
		</LookAt>
		<styleUrl>#__managed_style_35D0ADCA783E86E3D2D4</styleUrl>
		<LineString>
			<coordinates>
				-73.73249551783391,45.48171869852398,0 -73.73241489448026,45.48175830466155,0 -73.73234325157084,45.48177304000557,0 -73.73219772446343,45.48178167578365,0 -73.73247455585104,45.48180510791726,0 -73.73238531679763,45.48180645633905,0 -73.7323346012556,45.48181455831832,0 -73.73224986129858,45.48183796397023,0 -73.73218566416929,45.48186542137206,0 
			</coordinates>
		</LineString>
	</Placemark>
	<Placemark id="044DF21E4E3E867749BB">
		<name>Taxiway</name>
		<LookAt>
			<longitude>-73.72197129190485</longitude>
			<latitude>45.46931805888455</latitude>
			<altitude>33.57221276216214</altitude>
			<heading>0</heading>
			<tilt>0</tilt>
			<gx:fovy>35</gx:fovy>
			<range>88.12413576016297</range>
			<altitudeMode>absolute</altitudeMode>
		</LookAt>
		<styleUrl>#__managed_style_35D0ADCA783E86E3D2D4</styleUrl>
		<LineString>
			<coordinates>
				-73.72011606261476,45.47102085463167,0 -73.72107328915098,45.4702961247029,0 -73.72208152735145,45.46951826729073,0 -73.72212927458729,45.46947385068147,0 -73.72216252512513,45.46939588136269,0 -73.7221656671493,45.46932148543291,0 -73.72209627122071,45.4692226059327,0 -73.72195643773516,45.46912986590625,0 
			</coordinates>
		</LineString>
	</Placemark>
	<Placemark id="0069C1C13F3E86777DF7">
		<name>Taxiway</name>
		<LookAt>
			<longitude>-73.72085024058684</longitude>
			<latitude>45.47022061339792</latitude>
			<altitude>34.12294410214646</altitude>
			<heading>0</heading>
			<tilt>0</tilt>
			<gx:fovy>35</gx:fovy>
			<range>86.64521370581497</range>
			<altitudeMode>absolute</altitudeMode>
		</LookAt>
		<styleUrl>#__managed_style_35D0ADCA783E86E3D2D4</styleUrl>
		<LineString>
			<coordinates>
				-73.72102329643876,45.47032959160023,0 -73.72108445449187,45.470274681504,0 -73.72109125488953,45.47021300553727,0 -73.72106068977835,45.47017076705259,0 -73.72080864933558,45.47000658543332,0 
			</coordinates>
		</LineString>
	</Placemark>
	<Placemark id="0A5FC577FB3E8677BBA8">
		<name>Taxiway</name>
		<LookAt>
			<longitude>-73.72039531658743</longitude>
			<latitude>45.47081032760681</latitude>
			<altitude>34.56618992774006</altitude>
			<heading>0</heading>
			<tilt>0</tilt>
			<gx:fovy>35</gx:fovy>
			<range>114.0334180084756</range>
			<altitudeMode>absolute</altitudeMode>
		</LookAt>
		<styleUrl>#__managed_style_35D0ADCA783E86E3D2D4</styleUrl>
		<LineString>
			<coordinates>
				-73.72057649944445,45.47102025725522,0 -73.7205177516677,45.47095632528246,0 -73.72050053446245,45.47091160641224,0 -73.72048430464285,45.47084844422351,0 -73.7204944186697,45.47078320222073,0 -73.72052380349204,45.47072501210061,0 -73.72055518683167,45.4706866839775,0 
			</coordinates>
		</LineString>
	</Placemark>
	<Placemark id="061582EA3E3E8677FBD9">
		<name>Taxiway</name>
		<LookAt>
			<longitude>-73.71803213364514</longitude>
			<latitude>45.47201539659051</latitude>
			<altitude>35.34754306525494</altitude>
			<heading>0</heading>
			<tilt>0</tilt>
			<gx:fovy>35</gx:fovy>
			<range>141.55760528658</range>
			<altitudeMode>absolute</altitudeMode>
		</LookAt>
		<styleUrl>#__managed_style_35D0ADCA783E86E3D2D4</styleUrl>
		<LineString>
			<coordinates>
				-73.71825686393835,45.47192361323999,0 -73.71851299298967,45.47208384920997,0 -73.71858309037441,45.47211374591656,0 -73.71865922109758,45.47211455828271,0 -73.71871104094237,45.47208909585814,0 
			</coordinates>
		</LineString>
	</Placemark>
	<Placemark id="0A9F70E94D3E86782B83">
		<name>Taxiway</name>
		<LookAt>
			<longitude>-73.71758210929984</longitude>
			<latitude>45.47275586983127</latitude>
			<altitude>36.02279546789124</altitude>
			<heading>0</heading>
			<tilt>0</tilt>
			<gx:fovy>35</gx:fovy>
			<range>90.70453266328515</range>
			<altitudeMode>absolute</altitudeMode>
		</LookAt>
		<styleUrl>#__managed_style_35D0ADCA783E86E3D2D4</styleUrl>
		<LineString>
			<coordinates>
				-73.7176720783856,45.47288116313664,0 -73.71762715960197,45.47290409542512,0 -73.71754748371514,45.4729160966594,0 -73.71748222186892,45.47290598794503,0 -73.71721141319514,45.47274216532314,0 
			</coordinates>
		</LineString>
	</Placemark>
	<Placemark id="01BCC6566F3E8678729F">
		<name>Taxiway</name>
		<LookAt>
			<longitude>-73.71609507510246</longitude>
			<latitude>45.47391962083964</latitude>
			<altitude>36.53150581882164</altitude>
			<heading>0</heading>
			<tilt>0</tilt>
			<gx:fovy>35</gx:fovy>
			<range>100.5794473753122</range>
			<altitudeMode>absolute</altitudeMode>
		</LookAt>
		<styleUrl>#__managed_style_35D0ADCA783E86E3D2D4</styleUrl>
		<LineString>
			<coordinates>
				-73.71618237543825,45.47402312519996,0 -73.71612712723486,45.47404308270577,0 -73.71605944154368,45.47404190314155,0 -73.71599170552004,45.47401257170365,0 -73.71566618852121,45.47380028704926,0 
			</coordinates>
		</LineString>
	</Placemark>
	<Placemark id="06682A13D83E8678E701">
		<name>Taxiway</name>
		<LookAt>
			<longitude>-73.71514173549131</longitude>
			<latitude>45.47451155985165</latitude>
			<altitude>36.84131226479243</altitude>
			<heading>359.820951222538</heading>
			<tilt>0</tilt>
			<gx:fovy>35</gx:fovy>
			<range>103.0036040811501</range>
			<altitudeMode>absolute</altitudeMode>
		</LookAt>
		<styleUrl>#__managed_style_35D0ADCA783E86E3D2D4</styleUrl>
		<LineString>
			<coordinates>
				-73.71491595803498,45.47448229712334,0 -73.71517809987972,45.47465773538029,0 -73.71521731373136,45.47467364087954,0 -73.71527010485697,45.47468114155517,0 -73.71530831003177,45.47467461699375,0 -73.71535105728663,45.47465280815293,0 
			</coordinates>
		</LineString>
	</Placemark>
	<Placemark id="0803CB14793E867B9BB9">
		<name>Main Terminal</name>
		<LookAt>
			<longitude>-73.75259483839324</longitude>
			<latitude>45.45968938722941</latitude>
			<altitude>29.52704340373198</altitude>
			<heading>359.8209416281132</heading>
			<tilt>0</tilt>
			<gx:fovy>35</gx:fovy>
			<range>4908.251610724255</range>
			<altitudeMode>absolute</altitudeMode>
		</LookAt>
		<styleUrl>#__managed_style_636A0634E43E86E3D2D4</styleUrl>
		<Polygon>
			<outerBoundaryIs>
				<LinearRing>
					<coordinates>
						-73.7578601274478,45.4593048518953,0 -73.75784508824715,45.4590689574908,0 -73.75779386290644,45.4590351286739,0 -73.75789675716354,45.45895328739175,0 -73.75739937350886,45.45864275792551,0 -73.75668085211453,45.45865739154555,0 -73.75623886296364,45.45902484629984,0 -73.75451677638215,45.45908847007382,0 -73.75341933336979,45.45868206493805,0 -73.75341665861731,45.45828742989383,0 -73.7530824835936,45.45827691642142,0 -73.75304408358251,45.45783160522727,0 -73.75311456284425,45.45782884657507,0 -73.75308460557869,45.45739057388079,0 -73.75302236319421,45.45739532843632,0 -73.75301851633974,45.45725430428353,0 -73.75427011893692,45.45560814787294,0 -73.75573369878869,45.45537858328905,0 -73.75565263645193,45.45506214271343,0 -73.75395904146093,45.45532306216987,0 -73.7537316250808,45.45585020754604,0 -73.75328971958781,45.45567562168071,0 -73.75327600943318,45.45555919670587,0 -73.75308749270916,45.45557196870176,0 -73.75301137440583,45.45569445395955,0 -73.75294005696192,45.45567077677073,0 -73.75279835139867,45.45585704577265,0 -73.75246478336643,45.45586763188396,0 -73.7518051404395,45.45584250909972,0 -73.75182248759822,45.45739638731494,0 -73.75173422554202,45.45751905518069,0 -73.75158462587318,45.45763111341928,0 -73.75131250641503,45.45767670126492,0 -73.74734059034388,45.45781693012622,0 -73.74735447375261,45.45801017289147,0 -73.74685732422512,45.45802417279914,0 -73.74685796848951,45.45816903903907,0 -73.74667015454258,45.45817472592981,0 -73.74667759282117,45.45822219903418,0 -73.74549487511418,45.45823557150823,0 -73.74551113621544,45.45832985715248,0 -73.74457770920667,45.45834191921652,0 -73.74457761815135,45.45852886288881,0 -73.74679093528746,45.4584670500498,0 -73.74764338981689,45.45843372253861,0 -73.74764726440833,45.45848806474799,0 -73.74773011614386,45.45848568946175,0 -73.74773055976047,45.45853868697509,0 -73.7478208123743,45.45861205969905,0 -73.74782999852195,45.4587708660684,0 -73.7479331412476,45.45885495172698,0 -73.74793394168859,45.45893889223756,0 -73.751751946569,45.45884693679233,0 -73.75175883416134,45.45902493175929,0 -73.75187529630489,45.45902009153231,0 -73.75185860297042,45.45895728479668,0 -73.75282450718866,45.45893629356576,0 -73.75317249762638,45.45906002385634,0 -73.75311834186869,45.4591410852762,0 -73.75354203220458,45.45929464927735,0 -73.7537092944245,45.45911932315947,0 -73.75423176498795,45.45930420551898,0 -73.75410045091111,45.45949864706996,0 -73.75418412181662,45.45953171373963,0 -73.75433174473217,45.45935295258707,0 -73.75442581461057,45.45939179673158,0 -73.7578601274478,45.4593048518953,0 
					</coordinates>
				</LinearRing>
			</outerBoundaryIs>
		</Polygon>
	</Placemark>
	<Placemark id="05DD7A1F6B3E867D31E3">
		<name>Hanger</name>
		<LookAt>
			<longitude>-73.7409670870294</longitude>
			<latitude>45.47081100227631</latitude>
			<altitude>30.67844672151779</altitude>
			<heading>40.30869587533696</heading>
			<tilt>60.00257392375664</tilt>
			<gx:fovy>35</gx:fovy>
			<range>729.1175367301186</range>
			<altitudeMode>absolute</altitudeMode>
		</LookAt>
		<styleUrl>#__managed_style_9943E41F1D3E86E3D2D4</styleUrl>
		<Polygon>
			<outerBoundaryIs>
				<LinearRing>
					<coordinates>
						-73.73951530737095,45.46934483371458,0 -73.7386166949593,45.46879251537839,0 -73.73782478623262,45.46939293693228,0 -73.73744569314619,45.46918176295703,0 -73.73657973452772,45.46987127845803,0 -73.73770067189821,45.47068394253551,0 -73.73951530737095,45.46934483371458,0 
					</coordinates>
				</LinearRing>
			</outerBoundaryIs>
		</Polygon>
	</Placemark>
	<Placemark id="04C9F0B0463E867DA274">
		<name>Hanger</name>
		<LookAt>
			<longitude>-73.73427637710518</longitude>
			<latitude>45.46965662279121</latitude>
			<altitude>48.66575141236868</altitude>
			<heading>40.32742571631701</heading>
			<tilt>0</tilt>
			<gx:fovy>35</gx:fovy>
			<range>1266.887673715391</range>
			<altitudeMode>absolute</altitudeMode>
		</LookAt>
		<styleUrl>#__managed_style_9943E41F1D3E86E3D2D4</styleUrl>
		<Polygon>
			<outerBoundaryIs>
				<LinearRing>
					<coordinates>
						-73.73660895566418,45.46809918120059,0 -73.7358940071294,45.4676640976546,0 -73.73201927896172,45.47062501469512,0 -73.7337844737939,45.47180972492489,0 -73.73584730303622,45.47021240551589,0 -73.7361458922469,45.47001265510804,0 -73.73572379500617,45.46971954161895,0 -73.73596600312955,45.46956968532051,0 -73.7353827022053,45.46914986279761,0 -73.73660895566418,45.46809918120059,0 
					</coordinates>
				</LinearRing>
			</outerBoundaryIs>
		</Polygon>
	</Placemark>
	<Placemark id="03A07555B43E867EFAE9">
		<name>Hanger</name>
		<LookAt>
			<longitude>-73.7301134577275</longitude>
			<latitude>45.48001293850172</latitude>
			<altitude>58.01906526101257</altitude>
			<heading>53.74834273603404</heading>
			<tilt>0</tilt>
			<gx:fovy>35</gx:fovy>
			<range>497.0301752626257</range>
			<altitudeMode>absolute</altitudeMode>
		</LookAt>
		<styleUrl>#__managed_style_9943E41F1D3E86E3D2D4</styleUrl>
		<Polygon>
			<outerBoundaryIs>
				<LinearRing>
					<coordinates>
						-73.73066333343677,45.48017732172041,0 -73.72898532994611,45.47911275389184,0 -73.72817368974371,45.47969605600427,0 -73.72987280352879,45.48081061195751,0 -73.73066333343677,45.48017732172041,0 
					</coordinates>
				</LinearRing>
			</outerBoundaryIs>
		</Polygon>
	</Placemark>
	<Placemark id="047238AC303E867F2137">
		<name>Hanger</name>
		<LookAt>
			<longitude>-73.73164882653758</longitude>
			<latitude>45.47807580059762</latitude>
			<altitude>33.00313448919263</altitude>
			<heading>53.74834254611137</heading>
			<tilt>0</tilt>
			<gx:fovy>35</gx:fovy>
			<range>654.8560448294302</range>
			<altitudeMode>absolute</altitudeMode>
		</LookAt>
		<styleUrl>#__managed_style_9943E41F1D3E86E3D2D4</styleUrl>
		<Polygon>
			<outerBoundaryIs>
				<LinearRing>
					<coordinates>
						-73.73000476453481,45.47881507893212,0 -73.73166831378761,45.479903319302,0 -73.73268843748124,45.47910262021342,0 -73.73104128684965,45.47800951622925,0 -73.73000476453481,45.47881507893212,0 
					</coordinates>
				</LinearRing>
			</outerBoundaryIs>
		</Polygon>
	</Placemark>
	<Placemark id="09A893483E3E8681785C">
		<name>Road</name>
		<LookAt>
			<longitude>-73.74601934484977</longitude>
			<latitude>45.45733095343852</latitude>
			<altitude>28.86663996410837</altitude>
			<heading>94.76978570085497</heading>
			<tilt>0</tilt>
			<gx:fovy>35</gx:fovy>
			<range>267.0050175205688</range>
			<altitudeMode>absolute</altitudeMode>
		</LookAt>
		<styleUrl>#__managed_style_C2EC5D77133E86E3D2D4</styleUrl>
		<LineString>
			<coordinates>
				-73.74388537273948,45.4677317705255,0 -73.74309380274742,45.46775700942934,0 -73.74294357064795,45.46781546653968,0 -73.74284507428635,45.46790477068808,0 -73.74275789847094,45.46804608181314,0 -73.74277840400045,45.46877280380676,0 -73.74275942734131,45.46892954168789,0 -73.74269955660658,45.4690207468875,0 -73.74248207768878,45.46921163847885,0 -73.74240394678267,45.46928854393736,0 -73.74235887766243,45.46937005083113,0 -73.742271158132,45.46946861166601,0 -73.74215980614754,45.46940784971692,0 -73.74149938392958,45.46896914230979,0 -73.74068425280323,45.46842728125085,0 -73.7402778495243,45.46814949499134,0 -73.74006922405916,45.4680530919686,0 -73.73964138619338,45.46796651728289,0 -73.73905090229358,45.46789660160093,0 -73.73848673915433,45.46765233250589,0 -73.73786856277276,45.46723748569356,0 -73.73769375162418,45.46704272376748,0 -73.73758987818427,45.46657233164659,0 -73.73755386306533,45.46646813372874,0 -73.73748031454748,45.46634811683876,0 -73.73721013200201,45.46615847572466,0 -73.73642149768393,45.46564857954483,0 -73.73618348989275,45.46553123030422,0 -73.73585912893758,45.46547105334164,0 -73.73561815372649,45.46542823152474,0 -73.73522924279099,45.46517310934728,0 -73.73510832176088,45.46505198495963,0 -73.73510837208121,45.46491560794928,0 -73.73520998430928,45.46478514356239,0 -73.73960117503616,45.46145033192224,0 -73.74178889679538,45.45978312292858,0 -73.74349917547741,45.45932638504417,0 -73.74365037968285,45.45929525841055,0 -73.74354343305733,45.45919132508863,0 -73.74348462510214,45.45911194661592,0 -73.74343789518265,45.45901016515136,0 -73.7434363549997,45.45890436871146,0 -73.74350922084291,45.45874691200456,0 -73.74361008726312,45.45863078268343,0 -73.74380308718499,45.45847080339624,0 -73.74407376891894,45.45763862851884,0 -73.74418564744145,45.45749686157185,0 -73.74443536929893,45.45736673430201,0 -73.74614131631245,45.45664272643174,0 -73.74635892920426,45.45663683929732,0 -73.74640968806476,45.4567665337273,0 -73.7463603302231,45.45707349470178,0 -73.74636974456654,45.45721550832113,0 -73.74620145868001,45.45754146055282,0 -73.74620195061435,45.4576962275731,0 
			</coordinates>
		</LineString>
	</Placemark>
	<Placemark id="08E5C5D5703E86821890">
		<name>W4</name>
		<LookAt>
			<longitude>-73.75904990887666</longitude>
			<latitude>45.45651294495052</latitude>
			<altitude>28.37452178658214</altitude>
			<heading>94.76978448709028</heading>
			<tilt>0</tilt>
			<gx:fovy>35</gx:fovy>
			<range>118.5574420387093</range>
			<altitudeMode>absolute</altitudeMode>
		</LookAt>
		<styleUrl>#__managed_style_F1B2D3E52E3E86E3D2D4</styleUrl>
		<LineString>
			<coordinates>
				-73.75897339181182,45.45652029840803,0 -73.75938162159197,45.4559078971078,0 
			</coordinates>
		</LineString>
	</Placemark>
	<Placemark id="0F4D3DC5ED3E86838BFB">
		<name>W3</name>
		<LookAt>
			<longitude>-73.75867644039512</longitude>
			<latitude>45.45578345293931</latitude>
			<altitude>28.16229889056034</altitude>
			<heading>94.76978450352895</heading>
			<tilt>0</tilt>
			<gx:fovy>35</gx:fovy>
			<range>227.5744510961522</range>
			<altitudeMode>absolute</altitudeMode>
		</LookAt>
		<styleUrl>#__managed_style_F1B2D3E52E3E86E3D2D4</styleUrl>
		<LineString>
			<coordinates>
				-73.7582143181741,45.45572802948024,0 -73.75919219093127,45.45558648566971,0 
			</coordinates>
		</LineString>
	</Placemark>
	<Placemark id="0EEDC6CAE53E8684D0C8">
		<name>W2</name>
		<LookAt>
			<longitude>-73.75832979469047</longitude>
			<latitude>45.45456215275038</latitude>
			<altitude>27.88955121062644</altitude>
			<heading>94.76978353863014</heading>
			<tilt>0</tilt>
			<gx:fovy>35</gx:fovy>
			<range>168.7231771585903</range>
			<altitudeMode>absolute</altitudeMode>
		</LookAt>
		<styleUrl>#__managed_style_F1B2D3E52E3E86E3D2D4</styleUrl>
		<LineString>
			<coordinates>
				-73.75812430571581,45.4550334848531,0 -73.75889538394291,45.45453636939905,0 
			</coordinates>
		</LineString>
	</Placemark>
	<Placemark id="01F57D14CF3E8684F51C">
		<name>W1</name>
		<LookAt>
			<longitude>-73.75849137815204</longitude>
			<latitude>45.45421709600685</latitude>
			<altitude>27.99443956919319</altitude>
			<heading>94.76978353260373</heading>
			<tilt>0</tilt>
			<gx:fovy>35</gx:fovy>
			<range>343.431134958264</range>
			<altitudeMode>absolute</altitudeMode>
		</LookAt>
		<styleUrl>#__managed_style_F1B2D3E52E3E86E3D2D4</styleUrl>
		<LineString>
			<coordinates>
				-73.75767522880722,45.45415647515558,0 -73.75871894759783,45.45400540401903,0 
			</coordinates>
		</LineString>
	</Placemark>
	<Placemark id="07BCEC85B73E8685179C">
		<name>S4</name>
		<LookAt>
			<longitude>-73.75731754505713</longitude>
			<latitude>45.45308228054918</latitude>
			<altitude>27.56387805690174</altitude>
			<heading>94.76978365652732</heading>
			<tilt>0</tilt>
			<gx:fovy>35</gx:fovy>
			<range>187.7146702979917</range>
			<altitudeMode>absolute</altitudeMode>
		</LookAt>
		<styleUrl>#__managed_style_F1B2D3E52E3E86E3D2D4</styleUrl>
		<LineString>
			<coordinates>
				-73.75750338092463,45.45251954317087,0 -73.75731157228849,45.45331832634496,0 
			</coordinates>
		</LineString>
	</Placemark>
	<Placemark id="07207CF1773E868542C8">
		<name>S3</name>
		<LookAt>
			<longitude>-73.75629236395426</longitude>
			<latitude>45.45323275823687</latitude>
			<altitude>27.54067099324513</altitude>
			<heading>94.76978368613607</heading>
			<tilt>0</tilt>
			<gx:fovy>35</gx:fovy>
			<range>129.8751912828811</range>
			<altitudeMode>absolute</altitudeMode>
		</LookAt>
		<styleUrl>#__managed_style_F1B2D3E52E3E86E3D2D4</styleUrl>
		<LineString>
			<coordinates>
				-73.75619951545923,45.45270926891489,0 -73.75642643736404,45.45345581945908,0 
			</coordinates>
		</LineString>
	</Placemark>
	<Placemark id="0C51D9B7EB3E86855B41">
		<name>S2</name>
		<LookAt>
			<longitude>-73.75556866739947</longitude>
			<latitude>45.45333943988397</latitude>
			<altitude>32.4030092022647</altitude>
			<heading>94.76978370946526</heading>
			<tilt>0</tilt>
			<gx:fovy>35</gx:fovy>
			<range>154.1372821054938</range>
			<altitudeMode>absolute</altitudeMode>
		</LookAt>
		<styleUrl>#__managed_style_F1B2D3E52E3E86E3D2D4</styleUrl>
		<LineString>
			<coordinates>
				-73.75537415267121,45.45361236795564,0 -73.75514651958171,45.45287554208085,0 
			</coordinates>
		</LineString>
	</Placemark>
	<Placemark id="08EC3DDFBC3E86857EEF">
		<name>S1</name>
		<LookAt>
			<longitude>-73.75426763708276</longitude>
			<latitude>45.45362202611032</latitude>
			<altitude>27.68106106245466</altitude>
			<heading>94.76978376084638</heading>
			<tilt>0</tilt>
			<gx:fovy>35</gx:fovy>
			<range>187.0818059474732</range>
			<altitudeMode>absolute</altitudeMode>
		</LookAt>
		<styleUrl>#__managed_style_F1B2D3E52E3E86E3D2D4</styleUrl>
		<LineString>
			<coordinates>
				-73.75409622186831,45.4530251184454,0 -73.75432319427364,45.45377337698943,0 
			</coordinates>
		</LineString>
	</Placemark>
	<Placemark id="004CB4A1E93E8685C5C4">
		<name>80</name>
		<LookAt>
			<longitude>-73.75384582904901</longitude>
			<latitude>45.45480101124095</latitude>
			<altitude>28.08086234255497</altitude>
			<heading>94.76978364823833</heading>
			<tilt>0</tilt>
			<gx:fovy>35</gx:fovy>
			<range>128.1377520796741</range>
			<altitudeMode>absolute</altitudeMode>
		</LookAt>
		<styleUrl>#__managed_style_F1B2D3E52E3E86E3D2D4</styleUrl>
		<LineString>
			<coordinates>
				-73.75392181291222,45.45513693456138,0 -73.75376276753674,45.45461068240031,0 
			</coordinates>
		</LineString>
	</Placemark>
	<Placemark id="09E018D12E3E8685E330">
		<name>82</name>
		<LookAt>
			<longitude>-73.75432717814635</longitude>
			<latitude>45.45498803533807</latitude>
			<altitude>28.16118740555765</altitude>
			<heading>94.7697836386311</heading>
			<tilt>0</tilt>
			<gx:fovy>35</gx:fovy>
			<range>139.7495787045227</range>
			<altitudeMode>absolute</altitudeMode>
		</LookAt>
		<styleUrl>#__managed_style_F1B2D3E52E3E86E3D2D4</styleUrl>
		<LineString>
			<coordinates>
				-73.75426341032964,45.45452960191075,0 -73.75444758594003,45.45511712092537,0 
			</coordinates>
		</LineString>
	</Placemark>
	<Placemark id="0C741B5BDF3E86860307">
		<name>84</name>
		<LookAt>
			<longitude>-73.75468531461996</longitude>
			<latitude>45.45471598161807</latitude>
			<altitude>28.03560691130544</altitude>
			<heading>94.76978363194156</heading>
			<tilt>0</tilt>
			<gx:fovy>35</gx:fovy>
			<range>118.1521585363044</range>
			<altitudeMode>absolute</altitudeMode>
		</LookAt>
		<styleUrl>#__managed_style_F1B2D3E52E3E86E3D2D4</styleUrl>
		<LineString>
			<coordinates>
				-73.7547749309369,45.45446837643513,0 -73.75493649455026,45.45504046310788,0 
			</coordinates>
		</LineString>
	</Placemark>
	<Placemark id="0C2E030DF43E86862236">
		<name>86</name>
		<LookAt>
			<longitude>-73.75524162553455</longitude>
			<latitude>45.45477108314767</latitude>
			<altitude>28.10665846458811</altitude>
			<heading>94.76978360778342</heading>
			<tilt>0</tilt>
			<gx:fovy>35</gx:fovy>
			<range>200.9672391815184</range>
			<altitudeMode>absolute</altitudeMode>
		</LookAt>
		<styleUrl>#__managed_style_F1B2D3E52E3E86E3D2D4</styleUrl>
		<LineString>
			<coordinates>
				-73.75528298602853,45.45436698407107,0 -73.75544620437324,45.45496225053199,0 
			</coordinates>
		</LineString>
	</Placemark>
	<Placemark id="073B74EF0C3E8686660C">
		<name>87</name>
		<LookAt>
			<longitude>-73.75597800743735</longitude>
			<latitude>45.45466272516111</latitude>
			<altitude>28.0779732655461</altitude>
			<heading>94.76978357769745</heading>
			<tilt>0</tilt>
			<gx:fovy>35</gx:fovy>
			<range>93.30235332672602</range>
			<altitudeMode>absolute</altitudeMode>
		</LookAt>
		<styleUrl>#__managed_style_F1B2D3E52E3E86E3D2D4</styleUrl>
		<LineString>
			<coordinates>
				-73.75644950792631,45.45444795113695,0 -73.75572944318603,45.4547668658625,0 
			</coordinates>
		</LineString>
	</Placemark>
	<Placemark id="0519164F1C3E86869C16">
		<name>88</name>
		<LookAt>
			<longitude>-73.75623014326361</longitude>
			<latitude>45.45489760813604</latitude>
			<altitude>28.2152624580032</altitude>
			<heading>94.76978368395126</heading>
			<tilt>0</tilt>
			<gx:fovy>35</gx:fovy>
			<range>177.6032455676977</range>
			<altitudeMode>absolute</altitudeMode>
		</LookAt>
		<styleUrl>#__managed_style_F1B2D3E52E3E86E3D2D4</styleUrl>
		<LineString>
			<coordinates>
				-73.75577026631848,45.45498582181877,0 -73.75657173816674,45.45486102546882,0 
			</coordinates>
		</LineString>
	</Placemark>
	<Placemark id="0640AD77CC3E8686B3E9">
		<name>89</name>
		<LookAt>
			<longitude>-73.75621278600963</longitude>
			<latitude>45.45489769843895</latitude>
			<altitude>28.21526209726786</altitude>
			<heading>94.76979605451186</heading>
			<tilt>0</tilt>
			<gx:fovy>35</gx:fovy>
			<range>177.6032455676978</range>
			<altitudeMode>absolute</altitudeMode>
		</LookAt>
		<styleUrl>#__managed_style_F1B2D3E52E3E86E3D2D4</styleUrl>
		<LineString>
			<coordinates>
				-73.75587761315096,45.45523881095738,0 -73.75664720747083,45.45511489872853,0 
			</coordinates>
		</LineString>
	</Placemark>
	<Placemark id="04CF5CAED43E8688BA44">
		<name>85</name>
		<LookAt>
			<longitude>-73.75636856702162</longitude>
			<latitude>45.45589210395444</latitude>
			<altitude>28.23308830100689</altitude>
			<heading>94.76979770684841</heading>
			<tilt>0</tilt>
			<gx:fovy>35</gx:fovy>
			<range>158.6454063025667</range>
			<altitudeMode>absolute</altitudeMode>
		</LookAt>
		<styleUrl>#__managed_style_F1B2D3E52E3E86E3D2D4</styleUrl>
		<LineString>
			<coordinates>
				-73.7564977959309,45.45621910107832,0 -73.75628081652376,45.45551780380993,0 
			</coordinates>
		</LineString>
	</Placemark>
	<Placemark id="0C564DCC9C3E8688FB5F">
		<name>83</name>
		<LookAt>
			<longitude>-73.75570748492373</longitude>
			<latitude>45.45585955274409</latitude>
			<altitude>28.43241000115126</altitude>
			<heading>126.536236293132</heading>
			<tilt>0</tilt>
			<gx:fovy>35</gx:fovy>
			<range>175.1859726088697</range>
			<altitudeMode>absolute</altitudeMode>
		</LookAt>
		<styleUrl>#__managed_style_F1B2D3E52E3E86E3D2D4</styleUrl>
		<LineString>
			<coordinates>
				-73.75613695163474,45.45627967288714,0 -73.75568565740056,45.4556195772071,0 
			</coordinates>
		</LineString>
	</Placemark>
	<Placemark id="0E6FE3D2693E86891B67">
		<name>81</name>
		<LookAt>
			<longitude>-73.75509577148995</longitude>
			<latitude>45.45569127013256</latitude>
			<altitude>28.51883184933299</altitude>
			<heading>126.5362363127004</heading>
			<tilt>0</tilt>
			<gx:fovy>35</gx:fovy>
			<range>184.5585302379732</range>
			<altitudeMode>absolute</altitudeMode>
		</LookAt>
		<styleUrl>#__managed_style_F1B2D3E52E3E86E3D2D4</styleUrl>
		<LineString>
			<coordinates>
				-73.75561961582146,45.45635893727668,0 -73.75517150772504,45.45572353352322,0 
			</coordinates>
		</LineString>
	</Placemark>
	<Placemark id="0B0C96C7AE3E86894748">
		<name>79</name>
		<LookAt>
			<longitude>-73.75480287921621</longitude>
			<latitude>45.45599314526885</latitude>
			<altitude>31.97983738456816</altitude>
			<heading>126.5362363260003</heading>
			<tilt>0</tilt>
			<gx:fovy>35</gx:fovy>
			<range>118.3507094412198</range>
			<altitudeMode>absolute</altitudeMode>
		</LookAt>
		<styleUrl>#__managed_style_F1B2D3E52E3E86E3D2D4</styleUrl>
		<LineString>
			<coordinates>
				-73.75524310974434,45.45646131245754,0 -73.75466137250835,45.45589318744751,0 
			</coordinates>
		</LineString>
	</Placemark>
	<Placemark id="0E70B388603E8689709F">
		<name>77</name>
		<LookAt>
			<longitude>-73.75457693969678</longitude>
			<latitude>45.4563099708743</latitude>
			<altitude>28.54093146114949</altitude>
			<heading>126.5362363319137</heading>
			<tilt>0</tilt>
			<gx:fovy>35</gx:fovy>
			<range>175.502509083326</range>
			<altitudeMode>absolute</altitudeMode>
		</LookAt>
		<styleUrl>#__managed_style_F1B2D3E52E3E86E3D2D4</styleUrl>
		<LineString>
			<coordinates>
				-73.75425469927912,45.45627432202942,0 -73.75486493778941,45.45649634789585,0 
			</coordinates>
		</LineString>
	</Placemark>
	<Placemark id="0DF2AD2A853E8689C200">
		<name>75</name>
		<LookAt>
			<longitude>-73.75468151890279</longitude>
			<latitude>45.45662326228764</latitude>
			<altitude>28.54604526374241</altitude>
			<heading>126.5362363121673</heading>
			<tilt>0</tilt>
			<gx:fovy>35</gx:fovy>
			<range>201.1498091316753</range>
			<altitudeMode>absolute</altitudeMode>
		</LookAt>
		<styleUrl>#__managed_style_F1B2D3E52E3E86E3D2D4</styleUrl>
		<LineString>
			<coordinates>
				-73.75401407509429,45.45659720831782,0 -73.75488805713361,45.45691642346074,0 
			</coordinates>
		</LineString>
	</Placemark>
	<Placemark id="06394A801D3E8689F590">
		<name>73</name>
		<LookAt>
			<longitude>-73.75426255184436</longitude>
			<latitude>45.45709837389988</latitude>
			<altitude>28.80611425643084</altitude>
			<heading>126.5362363199479</heading>
			<tilt>0</tilt>
			<gx:fovy>35</gx:fovy>
			<range>200.289734774633</range>
			<altitudeMode>absolute</altitudeMode>
		</LookAt>
		<styleUrl>#__managed_style_F1B2D3E52E3E86E3D2D4</styleUrl>
		<LineString>
			<coordinates>
				-73.75467721277995,45.45723331315247,0 -73.7537602820483,45.45692570434981,0 
			</coordinates>
		</LineString>
	</Placemark>
	<Placemark id="09A1A4C9E63E868A1D58">
		<name>71</name>
		<LookAt>
			<longitude>-73.75410665025524</longitude>
			<latitude>45.45722982016838</latitude>
			<altitude>28.7580534331131</altitude>
			<heading>126.5362363203989</heading>
			<tilt>0</tilt>
			<gx:fovy>35</gx:fovy>
			<range>191.4053900984436</range>
			<altitudeMode>absolute</altitudeMode>
		</LookAt>
		<styleUrl>#__managed_style_F1B2D3E52E3E86E3D2D4</styleUrl>
		<LineString>
			<coordinates>
				-73.75354266422512,45.45729656182185,0 -73.75450336790858,45.45747451748961,0 
			</coordinates>
		</LineString>
	</Placemark>
	<Placemark id="025AB278173E868A5C30">
		<name>69</name>
		<LookAt>
			<longitude>-73.75360603808157</longitude>
			<latitude>45.45780620954814</latitude>
			<altitude>28.86664747872066</altitude>
			<heading>126.5362364730131</heading>
			<tilt>0</tilt>
			<gx:fovy>35</gx:fovy>
			<range>194.4428608497401</range>
			<altitudeMode>absolute</altitudeMode>
		</LookAt>
		<styleUrl>#__managed_style_F1B2D3E52E3E86E3D2D4</styleUrl>
		<LineString>
			<coordinates>
				-73.75347258055494,45.45770977703884,0 -73.75455730031678,45.4576777501421,0 
			</coordinates>
		</LineString>
	</Placemark>
	<Placemark id="0DC283A7D43E868A83D0">
		<name>67</name>
		<LookAt>
			<longitude>-73.75399326335221</longitude>
			<latitude>45.45824348436</latitude>
			<altitude>34.940255969445</altitude>
			<heading>126.5362364527027</heading>
			<tilt>0</tilt>
			<gx:fovy>35</gx:fovy>
			<range>168.5963145684946</range>
			<altitudeMode>absolute</altitudeMode>
		</LookAt>
		<styleUrl>#__managed_style_F1B2D3E52E3E86E3D2D4</styleUrl>
		<LineString>
			<coordinates>
				-73.7544353981461,45.45795957034296,0 -73.75364774813781,45.4585181199195,0 
			</coordinates>
		</LineString>
	</Placemark>
	<Placemark id="0F4BFFAD203E868AB037">
		<name>65</name>
		<LookAt>
			<longitude>-73.75501122102816</longitude>
			<latitude>45.45810197843336</latitude>
			<altitude>28.91733538191993</altitude>
			<heading>126.5362336084701</heading>
			<tilt>0</tilt>
			<gx:fovy>35</gx:fovy>
			<range>35.04401742758546</range>
			<altitudeMode>absolute</altitudeMode>
		</LookAt>
		<styleUrl>#__managed_style_F1B2D3E52E3E86E3D2D4</styleUrl>
		<LineString>
			<coordinates>
				-73.75494292489958,45.4580844734977,0 -73.75489471384549,45.45887717903858,0 
			</coordinates>
		</LineString>
	</Placemark>
	<Placemark id="04A3F9C37E3E868AD03F">
		<name>63</name>
		<LookAt>
			<longitude>-73.75502396185929</longitude>
			<latitude>45.45834620257771</latitude>
			<altitude>28.86295306925689</altitude>
			<heading>126.5362336160178</heading>
			<tilt>0</tilt>
			<gx:fovy>35</gx:fovy>
			<range>404.8770136673558</range>
			<altitudeMode>absolute</altitudeMode>
		</LookAt>
		<styleUrl>#__managed_style_F1B2D3E52E3E86E3D2D4</styleUrl>
		<LineString>
			<coordinates>
				-73.75592131966948,45.45790063744026,0 -73.75579926870952,45.45875540476821,0 
			</coordinates>
		</LineString>
	</Placemark>
	<Placemark id="01BE1A5C8B3E868AF2E1">
		<name>64</name>
		<LookAt>
			<longitude>-73.75666830005365</longitude>
			<latitude>45.45792880026876</latitude>
			<altitude>28.64951685759674</altitude>
			<heading>126.5362334643366</heading>
			<tilt>0</tilt>
			<gx:fovy>35</gx:fovy>
			<range>233.3141286240061</range>
			<altitudeMode>absolute</altitudeMode>
		</LookAt>
		<styleUrl>#__managed_style_F1B2D3E52E3E86E3D2D4</styleUrl>
		<LineString>
			<coordinates>
				-73.75688778803719,45.45769413922872,0 -73.7567597375584,45.45838593323333,0 
			</coordinates>
		</LineString>
	</Placemark>
	<Placemark id="094962C25A3E868B1A54">
		<name>66</name>
		<LookAt>
			<longitude>-73.75758667636363</longitude>
			<latitude>45.45827356530955</latitude>
			<altitude>36.73039895123371</altitude>
			<heading>126.5362334240279</heading>
			<tilt>0</tilt>
			<gx:fovy>35</gx:fovy>
			<range>142.7799802880145</range>
			<altitudeMode>absolute</altitudeMode>
		</LookAt>
		<styleUrl>#__managed_style_F1B2D3E52E3E86E3D2D4</styleUrl>
		<LineString>
			<coordinates>
				-73.7579727466784,45.45779887664814,0 -73.75742766148986,45.45839145027472,0 
			</coordinates>
		</LineString>
	</Placemark>
	<Placemark id="0F8AE8F08E3E868B3848">
		<name>68</name>
		<LookAt>
			<longitude>-73.75823487385938</longitude>
			<latitude>45.45855504553752</latitude>
			<altitude>32.8744473690569</altitude>
			<heading>126.5362333979337</heading>
			<tilt>0</tilt>
			<gx:fovy>35</gx:fovy>
			<range>129.3880329107378</range>
			<altitudeMode>absolute</altitudeMode>
		</LookAt>
		<styleUrl>#__managed_style_F1B2D3E52E3E86E3D2D4</styleUrl>
		<LineString>
			<coordinates>
				-73.75874061145382,45.45833446955432,0 -73.75796169912137,45.45862875673877,0 
			</coordinates>
		</LineString>
	</Placemark>
	<Placemark id="0C8A4A75C93E868B5436">
		<name>70</name>
		<LookAt>
			<longitude>-73.75784324012081</longitude>
			<latitude>45.45906816938572</latitude>
			<altitude>29.40178043862999</altitude>
			<heading>126.5362334110085</heading>
			<tilt>0</tilt>
			<gx:fovy>35</gx:fovy>
			<range>166.6823547685635</range>
			<altitudeMode>absolute</altitudeMode>
		</LookAt>
		<styleUrl>#__managed_style_F1B2D3E52E3E86E3D2D4</styleUrl>
		<LineString>
			<coordinates>
				-73.75899098738518,45.45912189255029,0 -73.75805665127852,45.45893465034227,0 
			</coordinates>
		</LineString>
	</Placemark>
	<Placemark id="01F4799BD53E868B7FD4">
		<name>72</name>
		<LookAt>
			<longitude>-73.75842422298652</longitude>
			<latitude>45.4597624129665</latitude>
			<altitude>28.75812238166139</altitude>
			<heading>126.536233382398</heading>
			<tilt>0</tilt>
			<gx:fovy>35</gx:fovy>
			<range>194.5796782187608</range>
			<altitudeMode>absolute</altitudeMode>
		</LookAt>
		<styleUrl>#__managed_style_F1B2D3E52E3E86E3D2D4</styleUrl>
		<LineString>
			<coordinates>
				-73.75867315451713,45.46009608608325,0 -73.75800745626026,45.45944047047804,0 
			</coordinates>
		</LineString>
	</Placemark>
	<Placemark id="0308F0CFC93E868BB5BC">
		<name>74</name>
		<LookAt>
			<longitude>-73.75712078805269</longitude>
			<latitude>45.45994228502427</latitude>
			<altitude>28.54096422582105</altitude>
			<heading>126.5362336930475</heading>
			<tilt>0</tilt>
			<gx:fovy>35</gx:fovy>
			<range>222.418756361767</range>
			<altitudeMode>absolute</altitudeMode>
		</LookAt>
		<styleUrl>#__managed_style_F1B2D3E52E3E86E3D2D4</styleUrl>
		<LineString>
			<coordinates>
				-73.75737082048474,45.46021329275694,0 -73.75733113385533,45.45947229516543,0 
			</coordinates>
		</LineString>
	</Placemark>
	<Placemark id="01356497053E868BE223">
		<name>61</name>
		<LookAt>
			<longitude>-73.75617583443727</longitude>
			<latitude>45.45990104485439</latitude>
			<altitude>28.91733035708882</altitude>
			<heading>126.536233750054</heading>
			<tilt>0</tilt>
			<gx:fovy>35</gx:fovy>
			<range>118.1564000369872</range>
			<altitudeMode>absolute</altitudeMode>
		</LookAt>
		<styleUrl>#__managed_style_F1B2D3E52E3E86E3D2D4</styleUrl>
		<LineString>
			<coordinates>
				-73.75634749024094,45.46024692856057,0 -73.75631793234153,45.45953830818753,0 
			</coordinates>
		</LineString>
	</Placemark>
	<Placemark id="01AF34A5BD3E868C1C88">
		<name>57</name>
		<LookAt>
			<longitude>-73.75507710321899</longitude>
			<latitude>45.46020080600278</latitude>
			<altitude>28.971623425243</altitude>
			<heading>126.5362348623671</heading>
			<tilt>0</tilt>
			<gx:fovy>35</gx:fovy>
			<range>270.5984957029069</range>
			<altitudeMode>absolute</altitudeMode>
		</LookAt>
		<styleUrl>#__managed_style_F1B2D3E52E3E86E3D2D4</styleUrl>
		<LineString>
			<coordinates>
				-73.75543024313795,45.46027358084078,0 -73.75539409960614,45.4595246280482,0 
			</coordinates>
		</LineString>
	</Placemark>
	<Placemark id="035D4449693E868C6437">
		<name>55</name>
		<LookAt>
			<longitude>-73.75337824443778</longitude>
			<latitude>45.46006067211372</latitude>
			<altitude>28.591656825653</altitude>
			<heading>126.5362268234008</heading>
			<tilt>0</tilt>
			<gx:fovy>35</gx:fovy>
			<range>91.86926497511195</range>
			<altitudeMode>absolute</altitudeMode>
		</LookAt>
		<styleUrl>#__managed_style_F1B2D3E52E3E86E3D2D4</styleUrl>
		<LineString>
			<coordinates>
				-73.75392389392299,45.45941179802214,0 -73.75343602637987,45.46005515173587,0 
			</coordinates>
		</LineString>
	</Placemark>
	<Placemark id="0E683F66613E868C955E">
		<name>53</name>
		<LookAt>
			<longitude>-73.75233442894368</longitude>
			<latitude>45.45958300886369</latitude>
			<altitude>28.60892843063392</altitude>
			<heading>126.5362269455553</heading>
			<tilt>0</tilt>
			<gx:fovy>35</gx:fovy>
			<range>107.7226907875956</range>
			<altitudeMode>absolute</altitudeMode>
		</LookAt>
		<styleUrl>#__managed_style_F1B2D3E52E3E86E3D2D4</styleUrl>
		<LineString>
			<coordinates>
				-73.75227094634695,45.45900761160096,0 -73.75230271925967,45.45979350656041,0 
			</coordinates>
		</LineString>
	</Placemark>
	<Placemark id="090C1B3C9A3E868CBF08">
		<name>51</name>
		<LookAt>
			<longitude>-73.75139680155574</longitude>
			<latitude>45.45973508950504</latitude>
			<altitude>29.0242227277965</altitude>
			<heading>126.5362269698495</heading>
			<tilt>0</tilt>
			<gx:fovy>35</gx:fovy>
			<range>53.37503879843098</range>
			<altitudeMode>absolute</altitudeMode>
		</LookAt>
		<styleUrl>#__managed_style_F1B2D3E52E3E86E3D2D4</styleUrl>
		<LineString>
			<coordinates>
				-73.75134736597752,45.459006978409,0 -73.75137201277913,45.45976928481791,0 
			</coordinates>
		</LineString>
	</Placemark>
	<Placemark id="09D57143093E868CDF96">
		<name>50</name>
		<LookAt>
			<longitude>-73.75060419373843</longitude>
			<latitude>45.45934858016145</latitude>
			<altitude>29.14425720051597</altitude>
			<heading>126.5362269934503</heading>
			<tilt>0</tilt>
			<gx:fovy>35</gx:fovy>
			<range>138.1432667696936</range>
			<altitudeMode>absolute</altitudeMode>
		</LookAt>
		<styleUrl>#__managed_style_F1B2D3E52E3E86E3D2D4</styleUrl>
		<LineString>
			<coordinates>
				-73.75041592653095,45.45905067190795,0 -73.75044907624294,45.45979125421928,0 
			</coordinates>
		</LineString>
	</Placemark>
	<Placemark id="0F2EEEED773E868CFE60">
		<name>49</name>
		<LookAt>
			<longitude>-73.74937804336538</longitude>
			<latitude>45.45923745884302</latitude>
			<altitude>29.30996259662211</altitude>
			<heading>126.5362270315365</heading>
			<tilt>0</tilt>
			<gx:fovy>35</gx:fovy>
			<range>101.2274235206132</range>
			<altitudeMode>absolute</altitudeMode>
		</LookAt>
		<styleUrl>#__managed_style_F1B2D3E52E3E86E3D2D4</styleUrl>
		<LineString>
			<coordinates>
				-73.74951960916702,45.45966102606189,0 -73.74949175273314,45.45914595832139,0 
			</coordinates>
		</LineString>
	</Placemark>
	<Placemark id="021BCFEA933E868D1849">
		<name>48</name>
		<LookAt>
			<longitude>-73.74902951233493</longitude>
			<latitude>45.45922799869506</latitude>
			<altitude>29.24302602352812</altitude>
			<heading>126.5362270383746</heading>
			<tilt>0</tilt>
			<gx:fovy>35</gx:fovy>
			<range>112.1514896508597</range>
			<altitudeMode>absolute</altitudeMode>
		</LookAt>
		<styleUrl>#__managed_style_F1B2D3E52E3E86E3D2D4</styleUrl>
		<LineString>
			<coordinates>
				-73.74900163055493,45.45965826693744,0 -73.74897117810787,45.45914648154619,0 
			</coordinates>
		</LineString>
	</Placemark>
	<Placemark id="03B3627A573E868D3A98">
		<name>47</name>
		<LookAt>
			<longitude>-73.74862885928594</longitude>
			<latitude>45.45929908631735</latitude>
			<altitude>29.11034701034622</altitude>
			<heading>126.5362270478069</heading>
			<tilt>0</tilt>
			<gx:fovy>35</gx:fovy>
			<range>119.1274023845654</range>
			<altitudeMode>absolute</altitudeMode>
		</LookAt>
		<styleUrl>#__managed_style_F1B2D3E52E3E86E3D2D4</styleUrl>
		<LineString>
			<coordinates>
				-73.74848741300242,45.45966103491033,0 -73.74845415612535,45.45917145476218,0 
			</coordinates>
		</LineString>
	</Placemark>
	<Placemark id="0CF11848623E868D9AE9">
		<name>46</name>
		<LookAt>
			<longitude>-73.74587684946218</longitude>
			<latitude>45.45906986634485</latitude>
			<altitude>29.09450228056983</altitude>
			<heading>126.536232819445</heading>
			<tilt>0</tilt>
			<gx:fovy>35</gx:fovy>
			<range>1378.848550789116</range>
			<altitudeMode>absolute</altitudeMode>
		</LookAt>
		<styleUrl>#__managed_style_F1B2D3E52E3E86E3D2D4</styleUrl>
		<LineString>
			<coordinates>
				-73.74715480593716,45.45942796991874,0 -73.7475187190947,45.45860710369347,0 
			</coordinates>
		</LineString>
	</Placemark>
	<Placemark id="0808F15CA43E868DD354">
		<name>5</name>
		<LookAt>
			<longitude>-73.74600897996318</longitude>
			<latitude>45.45920221306961</latitude>
			<altitude>29.15332343029405</altitude>
			<heading>126.536232817795</heading>
			<tilt>0</tilt>
			<gx:fovy>35</gx:fovy>
			<range>170.9750547683871</range>
			<altitudeMode>absolute</altitudeMode>
		</LookAt>
		<styleUrl>#__managed_style_F1B2D3E52E3E86E3D2D4</styleUrl>
		<LineString>
			<coordinates>
				-73.74601868808851,45.45934887408596,0 -73.74598168427771,45.4586489672101,0 
			</coordinates>
		</LineString>
	</Placemark>
	<Placemark id="0378AF19223E868DF00B">
		<name>7</name>
		<LookAt>
			<longitude>-73.74549551526671</longitude>
			<latitude>45.45888726203175</latitude>
			<altitude>29.24302417175337</altitude>
			<heading>126.5362328406706</heading>
			<tilt>0</tilt>
			<gx:fovy>35</gx:fovy>
			<range>128.0765284509653</range>
			<altitudeMode>absolute</altitudeMode>
		</LookAt>
		<styleUrl>#__managed_style_F1B2D3E52E3E86E3D2D4</styleUrl>
		<LineString>
			<coordinates>
				-73.74547034822555,45.45939135348898,0 -73.74542257404634,45.45874135787611,0 
			</coordinates>
		</LineString>
	</Placemark>
	<Placemark id="08FC452C033E868E0B00">
		<name>9</name>
		<LookAt>
			<longitude>-73.74477947708301</longitude>
			<latitude>45.4592732824627</latitude>
			<altitude>28.9752068640278</altitude>
			<heading>126.5362328567931</heading>
			<tilt>0</tilt>
			<gx:fovy>35</gx:fovy>
			<range>171.030229043663</range>
			<altitudeMode>absolute</altitudeMode>
		</LookAt>
		<styleUrl>#__managed_style_F1B2D3E52E3E86E3D2D4</styleUrl>
		<LineString>
			<coordinates>
				-73.74493747375688,45.45944413376949,0 -73.7448979329013,45.45870335277847,0 
			</coordinates>
		</LineString>
	</Placemark>
	<Placemark id="07DD50597C3E868E287C">
		<name>11</name>
		<LookAt>
			<longitude>-73.74425483414635</longitude>
			<latitude>45.45923479412861</latitude>
			<altitude>28.91232551213019</altitude>
			<heading>126.5362328725538</heading>
			<tilt>0</tilt>
			<gx:fovy>35</gx:fovy>
			<range>169.1232109347402</range>
			<altitudeMode>absolute</altitudeMode>
		</LookAt>
		<styleUrl>#__managed_style_F1B2D3E52E3E86E3D2D4</styleUrl>
		<LineString>
			<coordinates>
				-73.74441611380364,45.45954252226554,0 -73.74436820295119,45.45871876178104,0 
			</coordinates>
		</LineString>
	</Placemark>
	<Placemark id="018AA127983E868E4287">
		<name>15</name>
		<LookAt>
			<longitude>-73.74379291649817</longitude>
			<latitude>45.45908099566107</latitude>
			<altitude>28.75806609704557</altitude>
			<heading>126.5362328883302</heading>
			<tilt>0</tilt>
			<gx:fovy>35</gx:fovy>
			<range>149.0035365577023</range>
			<altitudeMode>absolute</altitudeMode>
		</LookAt>
		<styleUrl>#__managed_style_F1B2D3E52E3E86E3D2D4</styleUrl>
		<LineString>
			<coordinates>
				-73.74357545803754,45.45937286922653,0 -73.74399309360794,45.45875667779524,0 
			</coordinates>
		</LineString>
	</Placemark>
	<Placemark id="0D706738D23E868E7884">
		<name>12</name>
		<LookAt>
			<longitude>-73.74421847262818</longitude>
			<latitude>45.4584175643331</latitude>
			<altitude>29.10288982570552</altitude>
			<heading>126.5362328803125</heading>
			<tilt>0</tilt>
			<gx:fovy>35</gx:fovy>
			<range>62.4554543764043</range>
			<altitudeMode>absolute</altitudeMode>
		</LookAt>
		<styleUrl>#__managed_style_F1B2D3E52E3E86E3D2D4</styleUrl>
		<LineString>
			<coordinates>
				-73.74358984960847,45.45848712247517,0 -73.74440141759153,45.45835062020105,0 
			</coordinates>
		</LineString>
	</Placemark>
	<Placemark id="0B72B2FDF23E868E9384">
		<name>10</name>
		<LookAt>
			<longitude>-73.74452889624148</longitude>
			<latitude>45.45812151009741</latitude>
			<altitude>29.18899597246277</altitude>
			<heading>126.5362328757876</heading>
			<tilt>0</tilt>
			<gx:fovy>35</gx:fovy>
			<range>83.25745989539428</range>
			<altitudeMode>absolute</altitudeMode>
		</LookAt>
		<styleUrl>#__managed_style_F1B2D3E52E3E86E3D2D4</styleUrl>
		<LineString>
			<coordinates>
				-73.74442094947473,45.45797571416847,0 -73.74459985843858,45.45826399412813,0 
			</coordinates>
		</LineString>
	</Placemark>
	<Placemark id="06086DBB8B3E868ECE0C">
		<name>8</name>
		<LookAt>
			<longitude>-73.74452139473722</longitude>
			<latitude>45.45812227487708</latitude>
			<altitude>29.19028137858352</altitude>
			<heading>126.536230774827</heading>
			<tilt>0</tilt>
			<gx:fovy>35</gx:fovy>
			<range>197.7205210632019</range>
			<altitudeMode>absolute</altitudeMode>
		</LookAt>
		<styleUrl>#__managed_style_F1B2D3E52E3E86E3D2D4</styleUrl>
		<LineString>
			<coordinates>
				-73.74478950068251,45.45782015981266,0 -73.7450160334722,45.45820920285306,0 
			</coordinates>
		</LineString>
	</Placemark>
	<Placemark id="095B0A227E3E868EEDB0">
		<name>6</name>
		<LookAt>
			<longitude>-73.74542046788848</longitude>
			<latitude>45.45817401998086</latitude>
			<altitude>29.35157308583307</altitude>
			<heading>126.5362307617828</heading>
			<tilt>0</tilt>
			<gx:fovy>35</gx:fovy>
			<range>142.9798754936928</range>
			<altitudeMode>absolute</altitudeMode>
		</LookAt>
		<styleUrl>#__managed_style_F1B2D3E52E3E86E3D2D4</styleUrl>
		<LineString>
			<coordinates>
				-73.7451782568331,45.45762184624906,0 -73.74550445781951,45.45815460894296,0 
			</coordinates>
		</LineString>
	</Placemark>
	<Placemark id="01AB709DDD3E868F0D84">
		<name>4</name>
		<LookAt>
			<longitude>-73.7457747648899</longitude>
			<latitude>45.45800898758383</latitude>
			<altitude>29.24301658075006</altitude>
			<heading>126.5362307563359</heading>
			<tilt>0</tilt>
			<gx:fovy>35</gx:fovy>
			<range>85.58982751336771</range>
			<altitudeMode>absolute</altitudeMode>
		</LookAt>
		<styleUrl>#__managed_style_F1B2D3E52E3E86E3D2D4</styleUrl>
		<LineString>
			<coordinates>
				-73.74585204454802,45.45748894739041,0 -73.74589245119695,45.45810588328096,0 
			</coordinates>
		</LineString>
	</Placemark>
	<Placemark id="06DD0225AB3E868F2B88">
		<name>2</name>
		<LookAt>
			<longitude>-73.74641578924938</longitude>
			<latitude>45.45769756400259</latitude>
			<altitude>29.08377034474206</altitude>
			<heading>126.5362307418105</heading>
			<tilt>0</tilt>
			<gx:fovy>35</gx:fovy>
			<range>148.0196706424795</range>
			<altitudeMode>absolute</altitudeMode>
		</LookAt>
		<styleUrl>#__managed_style_F1B2D3E52E3E86E3D2D4</styleUrl>
		<LineString>
			<coordinates>
				-73.74654063328012,45.45741945354445,0 -73.74656543268304,45.45798237693262,0 
			</coordinates>
		</LineString>
	</Placemark>
	<Placemark id="0E01B1774A3E868F7BAC">
		<name>E3</name>
		<LookAt>
			<longitude>-73.7525212731355</longitude>
			<latitude>45.4608098084816</latitude>
			<altitude>28.26597247498623</altitude>
			<heading>126.536227117709</heading>
			<tilt>0</tilt>
			<gx:fovy>35</gx:fovy>
			<range>110.9672186227726</range>
			<altitudeMode>absolute</altitudeMode>
		</LookAt>
		<styleUrl>#__managed_style_F1B2D3E52E3E86E3D2D4</styleUrl>
		<LineString>
			<coordinates>
				-73.75272726954297,45.4606366141812,0 -73.75228903367164,45.46102762328837,0 
			</coordinates>
		</LineString>
	</Placemark>
	<Placemark id="0519F6207E3E868F9BF8">
		<name>E2</name>
		<LookAt>
			<longitude>-73.75147552303712</longitude>
			<latitude>45.4610440983375</latitude>
			<altitude>28.5409428023857</altitude>
			<heading>126.5362271348187</heading>
			<tilt>0</tilt>
			<gx:fovy>35</gx:fovy>
			<range>271.2481638129612</range>
			<altitudeMode>absolute</altitudeMode>
		</LookAt>
		<styleUrl>#__managed_style_F1B2D3E52E3E86E3D2D4</styleUrl>
		<LineString>
			<coordinates>
				-73.75199827549571,45.46028449404357,0 -73.7512166078325,45.46101236240387,0 
			</coordinates>
		</LineString>
	</Placemark>
	<Placemark id="072223DAA33E868FB6A8">
		<name>E1</name>
		<LookAt>
			<longitude>-73.75052478603376</longitude>
			<latitude>45.46062645977761</latitude>
			<altitude>28.86664782813881</altitude>
			<heading>126.5362271714778</heading>
			<tilt>0</tilt>
			<gx:fovy>35</gx:fovy>
			<range>193.1625766163052</range>
			<altitudeMode>absolute</altitudeMode>
		</LookAt>
		<styleUrl>#__managed_style_F1B2D3E52E3E86E3D2D4</styleUrl>
		<LineString>
			<coordinates>
				-73.75066195850607,45.46028538211672,0 -73.74983728036928,45.46104627016885,0 
			</coordinates>
		</LineString>
	</Placemark>
	<Placemark id="0793F9AA763E86903FB4">
		<name>30r</name>
		<LookAt>
			<longitude>-73.74590277544088</longitude>
			<latitude>45.45973877130155</latitude>
			<altitude>28.9752613619427</altitude>
			<heading>246.5869296318208</heading>
			<tilt>0</tilt>
			<gx:fovy>35</gx:fovy>
			<range>283.4074801010866</range>
			<altitudeMode>absolute</altitudeMode>
		</LookAt>
		<styleUrl>#__managed_style_F1B2D3E52E3E86E3D2D4</styleUrl>
		<LineString>
			<coordinates>
				-73.74567418195888,45.45992714724116,0 -73.74631621181736,45.46022774042176,0 
			</coordinates>
		</LineString>
	</Placemark>
	<Placemark id="07F87C733E3E8690AC8E">
		<name>27r</name>
		<LookAt>
			<longitude>-73.7463220602386</longitude>
			<latitude>45.46034468730113</latitude>
			<altitude>28.86306145254393</altitude>
			<heading>246.5869274132966</heading>
			<tilt>0</tilt>
			<gx:fovy>35</gx:fovy>
			<range>139.0127164656769</range>
			<altitudeMode>absolute</altitudeMode>
		</LookAt>
		<styleUrl>#__managed_style_F1B2D3E52E3E86E3D2D4</styleUrl>
		<LineString>
			<coordinates>
				-73.74571437352682,45.46071480074198,0 -73.74640237594454,45.46071027372345,0 
			</coordinates>
		</LineString>
	</Placemark>
	<Placemark id="0F403061C93E8690CF74">
		<name>28r</name>
		<LookAt>
			<longitude>-73.745825421333</longitude>
			<latitude>45.46031901915946</latitude>
			<altitude>28.86645517283202</altitude>
			<heading>246.5869269216027</heading>
			<tilt>0</tilt>
			<gx:fovy>35</gx:fovy>
			<range>141.4556470269963</range>
			<altitudeMode>absolute</altitudeMode>
		</LookAt>
		<styleUrl>#__managed_style_F1B2D3E52E3E86E3D2D4</styleUrl>
		<LineString>
			<coordinates>
				-73.74569092673738,45.46041650080475,0 -73.74633777765612,45.46040785747082,0 
			</coordinates>
		</LineString>
	</Placemark>
	<Placemark id="002AA4FE4F3E86910163">
		<name>26r</name>
		<LookAt>
			<longitude>-73.74622087863123</longitude>
			<latitude>45.46072447950861</latitude>
			<altitude>28.76800406287437</altitude>
			<heading>246.5869263105987</heading>
			<tilt>0</tilt>
			<gx:fovy>35</gx:fovy>
			<range>159.5889547837032</range>
			<altitudeMode>absolute</altitudeMode>
		</LookAt>
		<styleUrl>#__managed_style_F1B2D3E52E3E86E3D2D4</styleUrl>
		<LineString>
			<coordinates>
				-73.74620752702057,45.46120500196737,0 -73.74652814049793,45.4607759964255,0 
			</coordinates>
		</LineString>
	</Placemark>
	<Placemark id="0CBEC126843E86911D73">
		<name>25r</name>
		<LookAt>
			<longitude>-73.7468493374803</longitude>
			<latitude>45.46061067997681</latitude>
			<altitude>28.92803083538016</altitude>
			<heading>246.5869250839595</heading>
			<tilt>0</tilt>
			<gx:fovy>35</gx:fovy>
			<range>96.83160638123809</range>
			<altitudeMode>absolute</altitudeMode>
		</LookAt>
		<styleUrl>#__managed_style_F1B2D3E52E3E86E3D2D4</styleUrl>
		<LineString>
			<coordinates>
				-73.74687773313481,45.46119033279162,0 -73.74684262103274,45.46057140104085,0 
			</coordinates>
		</LineString>
	</Placemark>
	<Placemark id="0C4B61ED783E869137D0">
		<name>24r</name>
		<LookAt>
			<longitude>-73.74769967117409</longitude>
			<latitude>45.46107732027123</latitude>
			<altitude>29.13948279895214</altitude>
			<heading>246.5869240024449</heading>
			<tilt>0</tilt>
			<gx:fovy>35</gx:fovy>
			<range>170.9920903039165</range>
			<altitudeMode>absolute</altitudeMode>
		</LookAt>
		<styleUrl>#__managed_style_F1B2D3E52E3E86E3D2D4</styleUrl>
		<LineString>
			<coordinates>
				-73.74756424746934,45.46117988938883,0 -73.74753109688243,45.46059083674727,0 
			</coordinates>
		</LineString>
	</Placemark>
	<Placemark id="094D3B42F93E86915580">
		<name>23r</name>
		<LookAt>
			<longitude>-73.74839154699214</longitude>
			<latitude>45.4607506449246</latitude>
			<altitude>29.15431365729462</altitude>
			<heading>246.586922748617</heading>
			<tilt>0</tilt>
			<gx:fovy>35</gx:fovy>
			<range>80.09517777154542</range>
			<altitudeMode>absolute</altitudeMode>
		</LookAt>
		<styleUrl>#__managed_style_F1B2D3E52E3E86E3D2D4</styleUrl>
		<LineString>
			<coordinates>
				-73.74837708768489,45.46116404747838,0 -73.74834450496492,45.46058943163125,0 
			</coordinates>
		</LineString>
	</Placemark>
	<Placemark id="062BF4D0493E86917670">
		<name>22r</name>
		<LookAt>
			<longitude>-73.74903919560087</longitude>
			<latitude>45.46081638935529</latitude>
			<altitude>29.19233634918906</altitude>
			<heading>246.5869241863401</heading>
			<tilt>0</tilt>
			<gx:fovy>35</gx:fovy>
			<range>148.9089719523145</range>
			<altitudeMode>absolute</altitudeMode>
		</LookAt>
		<styleUrl>#__managed_style_F1B2D3E52E3E86E3D2D4</styleUrl>
		<LineString>
			<coordinates>
				-73.74919184641472,45.4611201639325,0 -73.74916008335948,45.4605607130645,0 
			</coordinates>
		</LineString>
	</Placemark>
	<Placemark id="013E2C10303E86919474">
		<name>32r</name>
		<LookAt>
			<longitude>-73.74649534468693</longitude>
			<latitude>45.45994382896176</latitude>
			<altitude>29.08017786352469</altitude>
			<heading>246.5869233319371</heading>
			<tilt>0</tilt>
			<gx:fovy>35</gx:fovy>
			<range>97.52629697804878</range>
			<altitudeMode>absolute</altitudeMode>
		</LookAt>
		<styleUrl>#__managed_style_F1B2D3E52E3E86E3D2D4</styleUrl>
		<LineString>
			<coordinates>
				-73.74646747980056,45.45982276392596,0 -73.74655215757336,45.46022396011855,0 
			</coordinates>
		</LineString>
	</Placemark>
	<Placemark id="05852817163E8691A8A3">
		<name>33r</name>
		<LookAt>
			<longitude>-73.7467853280084</longitude>
			<latitude>45.46003999962902</latitude>
			<altitude>28.99118479143879</altitude>
			<heading>246.5869228851512</heading>
			<tilt>0</tilt>
			<gx:fovy>35</gx:fovy>
			<range>99.69082980465828</range>
			<altitudeMode>absolute</altitudeMode>
		</LookAt>
		<styleUrl>#__managed_style_F1B2D3E52E3E86E3D2D4</styleUrl>
		<LineString>
			<coordinates>
				-73.74688812896608,45.45983243878753,0 -73.74702875898905,45.46019980614122,0 
			</coordinates>
		</LineString>
	</Placemark>
	<Placemark id="041C6576E63E869222C4">
		<name>N6</name>
		<LookAt>
			<longitude>-73.75100479075233</longitude>
			<latitude>45.464867255512</latitude>
			<altitude>29.19236545557985</altitude>
			<heading>246.5869187845389</heading>
			<tilt>0</tilt>
			<gx:fovy>35</gx:fovy>
			<range>153.4176640005717</range>
			<altitudeMode>absolute</altitudeMode>
		</LookAt>
		<styleUrl>#__managed_style_F1B2D3E52E3E86E3D2D4</styleUrl>
		<LineString>
			<coordinates>
				-73.75175538186036,45.46489951542428,0 -73.75059798715043,45.46493058602391,0 
			</coordinates>
		</LineString>
	</Placemark>
	<Placemark id="02596CFD8F3E86923B60">
		<name>N7</name>
		<LookAt>
			<longitude>-73.75131896841768</longitude>
			<latitude>45.46556352854736</latitude>
			<altitude>29.19236927088658</altitude>
			<heading>246.5869182029173</heading>
			<tilt>0</tilt>
			<gx:fovy>35</gx:fovy>
			<range>201.7625785035489</range>
			<altitudeMode>absolute</altitudeMode>
		</LookAt>
		<styleUrl>#__managed_style_F1B2D3E52E3E86E3D2D4</styleUrl>
		<LineString>
			<coordinates>
				-73.75188986263386,45.46563240673017,0 -73.75063749088217,45.46566407059225,0 
			</coordinates>
		</LineString>
	</Placemark>
	<Placemark id="016B16A5E33E869257F6">
		<name>N5</name>
		<LookAt>
			<longitude>-73.75097226572478</longitude>
			<latitude>45.46438432938288</latitude>
			<altitude>28.97642893351045</altitude>
			<heading>246.5869172434689</heading>
			<tilt>0</tilt>
			<gx:fovy>35</gx:fovy>
			<range>193.534774095624</range>
			<altitudeMode>absolute</altitudeMode>
		</LookAt>
		<styleUrl>#__managed_style_F1B2D3E52E3E86E3D2D4</styleUrl>
		<LineString>
			<coordinates>
				-73.75170147080642,45.4641719308503,0 -73.75055387345061,45.46420354927797,0 
			</coordinates>
		</LineString>
	</Placemark>
	<Placemark id="046FC88BB13E869276D4">
		<name>N4</name>
		<LookAt>
			<longitude>-73.75218659030838</longitude>
			<latitude>45.46380611211999</latitude>
			<altitude>28.75804674041153</altitude>
			<heading>246.5869160123005</heading>
			<tilt>0</tilt>
			<gx:fovy>35</gx:fovy>
			<range>206.3097221891439</range>
			<altitudeMode>absolute</altitudeMode>
		</LookAt>
		<styleUrl>#__managed_style_F1B2D3E52E3E86E3D2D4</styleUrl>
		<LineString>
			<coordinates>
				-73.75251176938292,45.46344599627871,0 -73.75256632360725,45.4644122737557,0 
			</coordinates>
		</LineString>
	</Placemark>
	<Placemark id="05E24C91C33E86929099">
		<name>N3</name>
		<LookAt>
			<longitude>-73.7531657009565</longitude>
			<latitude>45.46356193578848</latitude>
			<altitude>28.670334457034</altitude>
			<heading>246.5869154764789</heading>
			<tilt>0</tilt>
			<gx:fovy>35</gx:fovy>
			<range>207.6735616682708</range>
			<altitudeMode>absolute</altitudeMode>
		</LookAt>
		<styleUrl>#__managed_style_F1B2D3E52E3E86E3D2D4</styleUrl>
		<LineString>
			<coordinates>
				-73.75354051274506,45.46341293955744,0 -73.75361657450193,45.46440377473206,0 
			</coordinates>
		</LineString>
	</Placemark>
	<Placemark id="0211AACEEE3E8692B478">
		<name>N2</name>
		<LookAt>
			<longitude>-73.75419468859684</longitude>
			<latitude>45.46338246059064</latitude>
			<altitude>28.75810316790685</altitude>
			<heading>246.5869144983169</heading>
			<tilt>0</tilt>
			<gx:fovy>35</gx:fovy>
			<range>208.0196959371096</range>
			<altitudeMode>absolute</altitudeMode>
		</LookAt>
		<styleUrl>#__managed_style_F1B2D3E52E3E86E3D2D4</styleUrl>
		<LineString>
			<coordinates>
				-73.75458110496595,45.46338072338816,0 -73.75464155726385,45.46438452331865,0 
			</coordinates>
		</LineString>
	</Placemark>
	<Placemark id="0CDF0D96403E8692D046">
		<name>N1</name>
		<LookAt>
			<longitude>-73.75535418352868</longitude>
			<latitude>45.46335155151951</latitude>
			<altitude>28.72350155984448</altitude>
			<heading>246.5869139009158</heading>
			<tilt>0</tilt>
			<gx:fovy>35</gx:fovy>
			<range>248.3941237402541</range>
			<altitudeMode>absolute</altitudeMode>
		</LookAt>
		<styleUrl>#__managed_style_F1B2D3E52E3E86E3D2D4</styleUrl>
		<LineString>
			<coordinates>
				-73.75562095962513,45.46335303169157,0 -73.75567323105287,45.46431722816365,0 
			</coordinates>
		</LineString>
	</Placemark>
	<Placemark id="0E28CE21033E86938B50">
		<name>W5</name>
		<LookAt>
			<longitude>-73.76176137423224</longitude>
			<latitude>45.4591919592019</latitude>
			<altitude>28.44803991939764</altitude>
			<heading>246.5868826785631</heading>
			<tilt>0</tilt>
			<gx:fovy>35</gx:fovy>
			<range>350.3096206530608</range>
			<altitudeMode>absolute</altitudeMode>
		</LookAt>
		<styleUrl>#__managed_style_F1B2D3E52E3E86E3D2D4</styleUrl>
		<LineString>
			<coordinates>
				-73.76110061126589,45.45985086409699,0 -73.76218347898346,45.45940559883381,0 
			</coordinates>
		</LineString>
	</Placemark>
	<Placemark id="0AF9362D083E8694A504">
		<name>Airport Vehicle Parking Lot</name>
		<LookAt>
			<longitude>-73.76039014021538</longitude>
			<latitude>45.45568624791281</latitude>
			<altitude>29.39651934001652</altitude>
			<heading>349.9388121218135</heading>
			<tilt>0</tilt>
			<gx:fovy>35</gx:fovy>
			<range>411.1160989286145</range>
			<altitudeMode>absolute</altitudeMode>
		</LookAt>
		<styleUrl>#__managed_style_0749AFC52B3E86E3D2D6</styleUrl>
		<Polygon>
			<outerBoundaryIs>
				<LinearRing>
					<coordinates>
						-73.76160697266248,45.45593467158366,0 -73.76133585287906,45.45481696222836,0 -73.75930233898502,45.4550900122424,0 -73.75963394456234,45.45621692515558,0 -73.76160697266248,45.45593467158366,0 
					</coordinates>
				</LinearRing>
			</outerBoundaryIs>
		</Polygon>
	</Placemark>
	<Placemark id="0CF2DCC49E3E8695CA2E">
		<name>Road</name>
		<LookAt>
			<longitude>-73.74434969829699</longitude>
			<latitude>45.45929809501614</latitude>
			<altitude>28.86305438496053</altitude>
			<heading>349.938807909714</heading>
			<tilt>0</tilt>
			<gx:fovy>35</gx:fovy>
			<range>285.9456358293755</range>
			<altitudeMode>absolute</altitudeMode>
		</LookAt>
		<styleUrl>#__managed_style_C2EC5D77133E86E3D2D4</styleUrl>
		<LineString>
			<coordinates>
				-73.75933012683599,45.45515955558335,0 -73.75910877462029,45.45510915419252,0 -73.75824936566539,45.4552206927624,0 -73.75693669659169,45.45527822028916,0 -73.7543686924452,45.45565061411155,0 -73.75420641838593,45.45576186909823,0 -73.75310544790371,45.45725893513413,0 -73.75314863553936,45.45808981498512,0 -73.75317337124791,45.45859374155116,0 -73.75382272024069,45.45878330009617,0 -73.75458284780173,45.45903221888122,0 -73.75615596460683,45.45898370607527,0 -73.75666857614593,45.45865729454745,0 -73.75675905091015,45.45861328934507,0 -73.7573642933497,45.45861875168557,0 -73.75789061856558,45.458886438475,0 -73.75790614548944,45.45936654030805,0 -73.75451163438606,45.45945546990723,0 -73.7536654073415,45.45918123777953,0 -73.75171904963298,45.45889118589277,0 -73.74809110387309,45.45898670412701,0 -73.74789545985715,45.45908011842538,0 -73.74745837138892,45.45914330534248,0 -73.74598948154576,45.45931466047236,0 -73.74576900393309,45.45930635841895,0 -73.74551130527405,45.45925163018941,0 -73.74428840141353,45.45947690348722,0 -73.74400886483852,45.4594683731586,0 -73.74381603596819,45.45937669819455,0 -73.74364939414014,45.4592998633171,0 
			</coordinates>
		</LineString>
	</Placemark>
	<Placemark id="0E8EA4BCAF3E86975F40">
		<name>Road</name>
		<LookAt>
			<longitude>-73.7542752832757</longitude>
			<latitude>45.45559561928061</latitude>
			<altitude>41.03551531014766</altitude>
			<heading>349.9387688357066</heading>
			<tilt>0</tilt>
			<gx:fovy>35</gx:fovy>
			<range>142.3782777247106</range>
			<altitudeMode>absolute</altitudeMode>
		</LookAt>
		<styleUrl>#__managed_style_C2EC5D77133E86E3D2D4</styleUrl>
		<LineString>
			<coordinates>
				-73.75659267861963,45.4553265844823,0 -73.75647296558088,45.45490650146544,0 -73.75635011049134,45.45447224168314,0 -73.75624630831481,45.45437383871514,0 -73.75611935737736,45.45434648560823,0 -73.75528134720746,45.45446855449938,0 -73.75360898704132,45.45473182084433,0 -73.75331739628183,45.45476676406623,0 -73.75342258663261,45.45501221511038,0 -73.75395948411227,45.45558208495054,0 -73.75420511673302,45.45575377856647,0 
			</coordinates>
		</LineString>
	</Placemark>
	<Placemark id="0F89E4E5D63E8697ED00">
		<name>Road</name>
		<LookAt>
			<longitude>-73.75902808614782</longitude>
			<latitude>45.45447988262571</latitude>
			<altitude>27.99447451525257</altitude>
			<heading>349.9387634675476</heading>
			<tilt>0</tilt>
			<gx:fovy>35</gx:fovy>
			<range>318.9358890748917</range>
			<altitudeMode>absolute</altitudeMode>
		</LookAt>
		<styleUrl>#__managed_style_C2EC5D77133E86E3D2D4</styleUrl>
		<LineString>
			<coordinates>
				-73.75331285414215,45.4547582261748,0 -73.75318231724738,45.45416104201263,0 -73.75318443289883,45.45396944097563,0 -73.75331357961035,45.45373038978414,0 -73.75334448709675,45.45360143341302,0 -73.75319831159901,45.45315111792823,0 -73.75320390615522,45.45305563069174,0 -73.75325715945462,45.45296772190328,0 -73.75334348115855,45.45290053926948,0 -73.75350372263235,45.45284736395737,0 -73.75480176543607,45.45265628497491,0 -73.75692937568488,45.45233022104121,0 -73.75753143845412,45.4522352877822,0 -73.75772254287602,45.45228827565277,0 -73.75789627869538,45.45243636541594,0 -73.75801362456944,45.45273501060663,0 -73.75814323838462,45.45306893485522,0 -73.758385884337,45.45342363063443,0 -73.75846268253503,45.45355258743868,0 -73.75870721926636,45.45373931750467,0 -73.75896118563925,45.45411958310012,0 -73.75928914608042,45.45514910017396,0 
			</coordinates>
		</LineString>
	</Placemark>
	<Placemark id="0CED326B8B3E869945CB">
		<name>Road</name>
		<LookAt>
			<longitude>-73.72296807621117</longitude>
			<latitude>45.4685060625747</latitude>
			<altitude>34.32919174684775</altitude>
			<heading>350.7038553426995</heading>
			<tilt>0</tilt>
			<gx:fovy>35</gx:fovy>
			<range>722.5891486736509</range>
			<altitudeMode>absolute</altitudeMode>
		</LookAt>
		<styleUrl>#__managed_style_C2EC5D77133E86E3D2D4</styleUrl>
		<LineString>
			<coordinates>
				-73.74587506453067,45.4567471155564,0 -73.74555847038943,45.45647031912631,0 -73.74502002024124,45.45609830342478,0 -73.7449851036972,45.45596455755022,0 -73.74502800188162,45.45567401833128,0 -73.74499401579841,45.45546490158971,0 -73.74480849795795,45.4552465975593,0 -73.74450349864526,45.45506972014665,0 -73.74243550309771,45.45475555000125,0 -73.74225469883447,45.45480310713554,0 -73.74032408048858,45.45629191995147,0 -73.73887960847433,45.45739070153224,0 -73.73877135824907,45.45742913943867,0 -73.73832136778836,45.45744681031568,0 -73.73752654888047,45.45746857059351,0 -73.73719610231387,45.45753270999359,0 -73.7368734594743,45.45772544497728,0 -73.73586906960118,45.45848333409812,0 -73.73421635850808,45.45975357966425,0 -73.73408291564195,45.45990905669957,0 -73.73403066728528,45.46008151013362,0 -73.73403936660775,45.4605334332016,0 -73.73404823653998,45.46082017650559,0 -73.73177319465347,45.46250718391667,0 -73.73036455306384,45.46358250811004,0 -73.73024868834636,45.4637077978056,0 -73.7302087040834,45.46389629706214,0 -73.73028613914252,45.46415240682958,0 -73.73019222224868,45.46427545081885,0 -73.72820760396182,45.46579278137584,0 -73.72754616242894,45.46613197613129,0 -73.72466519711546,45.46834857771334,0 -73.72419711991452,45.46852528417384,0 -73.7233649426028,45.46861291717594,0 -73.72268145951845,45.4688831537744,0 -73.72220678024786,45.46922578297296,0 
			</coordinates>
		</LineString>
	</Placemark>
	<Placemark id="083A3D90403E869ADE3B">
		<name>Road</name>
		<LookAt>
			<longitude>-73.74619432222414</longitude>
			<latitude>45.46742491037368</latitude>
			<altitude>31.03430702487953</altitude>
			<heading>23.7433224457498</heading>
			<tilt>0</tilt>
			<gx:fovy>35</gx:fovy>
			<range>457.688518109353</range>
			<altitudeMode>absolute</altitudeMode>
		</LookAt>
		<styleUrl>#__managed_style_C2EC5D77133E86E3D2D4</styleUrl>
		<LineString>
			<coordinates>
				-73.74227550179029,45.46946030798306,0 -73.74246202778599,45.47085678037577,0 -73.74247346335676,45.47119531181226,0 -73.74236417917174,45.47142262271174,0 -73.74217637295682,45.47158498442244,0 -73.73986274797011,45.47336132917795,0 -73.73455889934432,45.47741416481329,0 -73.73441936269626,45.47747357083869,0 -73.73422223708495,45.47748038333462,0 -73.73401071817996,45.47740700160637,0 -73.73346335731684,45.47704957015642,0 -73.73152829830391,45.47576477074336,0 -73.73125654763138,45.47619834816826,0 -73.73250221276123,45.47694992942535,0 -73.73420889004845,45.4780386148545,0 -73.73443490535711,45.47806825758875,0 -73.73491099960798,45.47774076646999,0 -73.736240378343,45.47671108399248,0 -73.73797069118487,45.47539582922954,0 -73.73915752159901,45.47466847284771,0 -73.73928845213017,45.47455614398176,0 -73.73928793433984,45.47446287232768,0 -73.73922779622886,45.47435443746416,0 -73.73920201697328,45.47421842092945,0 -73.73926993490673,45.47410628715451,0 -73.74010438798373,45.47350573479814,0 -73.74157324476793,45.47239389750737,0 -73.74177332550394,45.47229717513876,0 -73.74197492181622,45.47225125219559,0 -73.7428628815054,45.47223957079077,0 -73.74303974356503,45.47221927160566,0 -73.74325256990939,45.47210197901929,0 -73.74584690887794,45.47019656281216,0 -73.74699603941362,45.46963568283801,0 -73.74773258812718,45.46909388980458,0 -73.7485886358195,45.4684336893459,0 -73.74808211542624,45.46808355903828,0 -73.74773945967515,45.46794987640566,0 -73.74715433169607,45.46795253613641,0 -73.7468431328754,45.46793441048727,0 -73.74662160867818,45.46777203794031,0 -73.74658043254885,45.46741117798875,0 -73.74621905407599,45.46696799283286,0 -73.74620965106858,45.46683483102897,0 
			</coordinates>
		</LineString>
	</Placemark>
	<Placemark id="079586E0703E869BDD90">
		<name>Road</name>
		<LookAt>
			<longitude>-73.76036895749262</longitude>
			<latitude>45.45815787578271</latitude>
			<altitude>29.09413775255587</altitude>
			<heading>23.74331460437702</heading>
			<tilt>0</tilt>
			<gx:fovy>35</gx:fovy>
			<range>807.8927733957244</range>
			<altitudeMode>absolute</altitudeMode>
		</LookAt>
		<styleUrl>#__managed_style_C2EC5D77133E86E3D2D4</styleUrl>
		<LineString>
			<coordinates>
				-73.75928654049467,45.45517679056086,0 -73.75963503205602,45.45631292728823,0 -73.76009778977182,45.45687892280559,0 -73.76073251243839,45.45762127817278,0 -73.76105745788306,45.45874979048217,0 -73.76116848946081,45.45920489547889,0 -73.75888782493726,45.4594718312455,0 -73.75823479955692,45.45940245109646,0 -73.75790884225036,45.45937322526215,0 
			</coordinates>
		</LineString>
	</Placemark>
	<Placemark id="0D8C76258D3E869D77A7">
		<name>Cente Line</name>
		<LookAt>
			<longitude>-73.75373033849132</longitude>
			<latitude>45.47419413446244</latitude>
			<altitude>34.70360258222149</altitude>
			<heading>39.42990457930316</heading>
			<tilt>0</tilt>
			<gx:fovy>35</gx:fovy>
			<range>10267.08168646786</range>
			<altitudeMode>absolute</altitudeMode>
		</LookAt>
		<styleUrl>#__managed_style_3A66B9D59E3E86E3D2D6</styleUrl>
		<LineString>
			<coordinates>
				-73.76766907642354,45.4590387901377,0 -73.7330780694067,45.48545801291995,0 
			</coordinates>
		</LineString>
	</Placemark>
	<Placemark id="0DF6327FF03E869ED223">
		<name>Center Line</name>
		<LookAt>
			<longitude>-73.74416136977129</longitude>
			<latitude>45.45589451350286</latitude>
			<altitude>29.9361151916684</altitude>
			<heading>39.42990141235079</heading>
			<tilt>0</tilt>
			<gx:fovy>35</gx:fovy>
			<range>614.676517459302</range>
			<altitudeMode>absolute</altitudeMode>
		</LookAt>
		<styleUrl>#__managed_style_3A66B9D59E3E86E3D2D6</styleUrl>
		<LineString>
			<coordinates>
				-73.71944197001012,45.47437207858076,0 -73.74394731742754,45.45574012119432,0 
			</coordinates>
		</LineString>
	</Placemark>
	<Placemark id="01F976E9B83E869FDAA8">
		<name>Hold 06L-24R</name>
		<LookAt>
			<longitude>-73.76195251836727</longitude>
			<latitude>45.46174662142712</latitude>
			<altitude>28.43241276395958</altitude>
			<heading>39.42988902276836</heading>
			<tilt>0</tilt>
			<gx:fovy>35</gx:fovy>
			<range>204.0044781568213</range>
			<altitudeMode>absolute</altitudeMode>
		</LookAt>
		<styleUrl>#__managed_style_69D40061F03E86E3D2D6</styleUrl>
		<LineString>
			<coordinates>
				-73.76224194801313,45.46168962063746,0 -73.76135608332761,45.46192343503159,0 
			</coordinates>
		</LineString>
	</Placemark>
	<Placemark id="08D6E96F293E86A07160">
		<name>Hold 06L - 24R</name>
		<LookAt>
			<longitude>-73.75609806968977</longitude>
			<latitude>45.46636176350113</latitude>
			<altitude>29.24128759464821</altitude>
			<heading>39.42988916324715</heading>
			<tilt>0</tilt>
			<gx:fovy>35</gx:fovy>
			<range>146.163469420153</range>
			<altitudeMode>absolute</altitudeMode>
		</LookAt>
		<styleUrl>#__managed_style_69D40061F03E86E3D2D6</styleUrl>
		<LineString>
			<coordinates>
				-73.75646731781278,45.4663822725236,0 -73.75593089360572,45.46629217304585,0 
			</coordinates>
		</LineString>
	</Placemark>
	<Placemark id="039D6AED063E86A0B846">
		<name>Hold 06L - 24R</name>
		<LookAt>
			<longitude>-73.74985666164099</longitude>
			<latitude>45.47111534157951</latitude>
			<altitude>31.33630349411879</altitude>
			<heading>39.42989102935077</heading>
			<tilt>0</tilt>
			<gx:fovy>35</gx:fovy>
			<range>118.7559697660254</range>
			<altitudeMode>absolute</altitudeMode>
		</LookAt>
		<styleUrl>#__managed_style_69D40061F03E86E3D2D6</styleUrl>
		<LineString>
			<coordinates>
				-73.75009452902874,45.47095794949255,0 -73.74956152403841,45.47087009127246,0 
			</coordinates>
		</LineString>
	</Placemark>
	<Placemark id="03C4E0F3F33E86A0E438">
		<name>Hold 06L - 24R</name>
		<LookAt>
			<longitude>-73.74635667985271</longitude>
			<latitude>45.47373741449168</latitude>
			<altitude>31.46318417049426</altitude>
			<heading>39.429891586883</heading>
			<tilt>0</tilt>
			<gx:fovy>35</gx:fovy>
			<range>139.9813894645195</range>
			<altitudeMode>absolute</altitudeMode>
		</LookAt>
		<styleUrl>#__managed_style_69D40061F03E86E3D2D6</styleUrl>
		<LineString>
			<coordinates>
				-73.74655958079578,45.47395215045431,0 -73.74638929938367,45.47359567184556,0 
			</coordinates>
		</LineString>
	</Placemark>
	<Placemark id="08A4FA68E93E86A11FF4">
		<name>Hold 06L - 24R</name>
		<LookAt>
			<longitude>-73.74130346797845</longitude>
			<latitude>45.47786370323625</latitude>
			<altitude>30.92476037060161</altitude>
			<heading>39.42989290481406</heading>
			<tilt>0</tilt>
			<gx:fovy>35</gx:fovy>
			<range>113.7220617274761</range>
			<altitudeMode>absolute</altitudeMode>
		</LookAt>
		<styleUrl>#__managed_style_69D40061F03E86E3D2D6</styleUrl>
		<LineString>
			<coordinates>
				-73.74126775103403,45.47798648709555,0 -73.7411038042659,45.47762068642166,0 
			</coordinates>
		</LineString>
	</Placemark>
	<Placemark id="04780385563E86A16128">
		<name>Hold 06L</name>
		<LookAt>
			<longitude>-73.76397243750418</longitude>
			<latitude>45.46067638409998</latitude>
			<altitude>28.42879443570133</altitude>
			<heading>39.42987862983756</heading>
			<tilt>0</tilt>
			<gx:fovy>35</gx:fovy>
			<range>366.0550214693285</range>
			<altitudeMode>absolute</altitudeMode>
		</LookAt>
		<styleUrl>#__managed_style_69D40061F03E86E3D2D6</styleUrl>
		<LineString>
			<coordinates>
				-73.76445970894093,45.4598768060286,0 -73.76351389481944,45.46059404668405,0 
			</coordinates>
		</LineString>
	</Placemark>
	<Placemark id="0B7C3F960B3E86A19C46">
		<name>Hold 24R</name>
		<LookAt>
			<longitude>-73.73476706814226</longitude>
			<latitude>45.48273176273904</latitude>
			<altitude>31.36959695700206</altitude>
			<heading>39.42990202147245</heading>
			<tilt>0</tilt>
			<gx:fovy>35</gx:fovy>
			<range>283.13873583651</range>
			<altitudeMode>absolute</altitudeMode>
		</LookAt>
		<styleUrl>#__managed_style_69D40061F03E86E3D2D6</styleUrl>
		<LineString>
			<coordinates>
				-73.73401263134657,45.48283938846355,0 -73.73490533712014,45.48215592090498,0 
			</coordinates>
		</LineString>
	</Placemark>
	<Placemark id="0A888B12EC3E86A243A9">
		<name>Hold 06L - 24R</name>
		<LookAt>
			<longitude>-73.74883119526291</longitude>
			<latitude>45.4717746122041</latitude>
			<altitude>31.2381896561444</altitude>
			<heading>39.42990445027083</heading>
			<tilt>0</tilt>
			<gx:fovy>35</gx:fovy>
			<range>164.3995698300205</range>
			<altitudeMode>absolute</altitudeMode>
		</LookAt>
		<styleUrl>#__managed_style_69D40061F03E86E3D2D6</styleUrl>
		<LineString>
			<coordinates>
				-73.7489642850161,45.4718351261324,0 -73.74884070393064,45.47152814062411,0 
			</coordinates>
		</LineString>
	</Placemark>
	<Placemark id="017BDD835B3E86A2B0E7">
		<name>Hold 06R</name>
		<LookAt>
			<longitude>-73.74203338762186</longitude>
			<latitude>45.45859232526371</latitude>
			<altitude>28.86383111181017</altitude>
			<heading>39.4299193514038</heading>
			<tilt>0</tilt>
			<gx:fovy>35</gx:fovy>
			<range>239.0129208665895</range>
			<altitudeMode>absolute</altitudeMode>
		</LookAt>
		<styleUrl>#__managed_style_69D40061F03E86E3D2D6</styleUrl>
		<LineString>
			<coordinates>
				-73.7410818876555,45.45909415483266,0 -73.74231064677382,45.45816601504269,0 
			</coordinates>
		</LineString>
	</Placemark>
	<Placemark id="03A728BB0E3E86A2D70E">
		<name>Hold 24L - 06R</name>
		<LookAt>
			<longitude>-73.73918172157047</longitude>
			<latitude>45.46138811343253</latitude>
			<altitude>29.58331431020243</altitude>
			<heading>39.42991978153192</heading>
			<tilt>0</tilt>
			<gx:fovy>35</gx:fovy>
			<range>339.3266834204406</range>
			<altitudeMode>absolute</altitudeMode>
		</LookAt>
		<styleUrl>#__managed_style_69D40061F03E86E3D2D6</styleUrl>
		<LineString>
			<coordinates>
				-73.73867261293495,45.46168945414627,0 -73.73864736427504,45.4612923502571,0 
			</coordinates>
		</LineString>
	</Placemark>
	<Placemark id="07F21B2E3D3E86A30344">
		<name>Hold 24L - 06R</name>
		<LookAt>
			<longitude>-73.73280945390528</longitude>
			<latitude>45.46609738084787</latitude>
			<altitude>31.12946500878206</altitude>
			<heading>39.4299213224953</heading>
			<tilt>0</tilt>
			<gx:fovy>35</gx:fovy>
			<range>248.4389723950153</range>
			<altitudeMode>absolute</altitudeMode>
		</LookAt>
		<styleUrl>#__managed_style_69D40061F03E86E3D2D6</styleUrl>
		<LineString>
			<coordinates>
				-73.73276114023852,45.46614102011874,0 -73.73265880210297,45.46593399957143,0 
			</coordinates>
		</LineString>
	</Placemark>
	<Placemark id="06AE0D41F83E86A32F36">
		<name>Hold 24L - 06R</name>
		<LookAt>
			<longitude>-73.72737153139994</longitude>
			<latitude>45.47045888307809</latitude>
			<altitude>32.43243617643837</altitude>
			<heading>39.42992345696238</heading>
			<tilt>0</tilt>
			<gx:fovy>35</gx:fovy>
			<range>82.76646563055692</range>
			<altitudeMode>absolute</altitudeMode>
		</LookAt>
		<styleUrl>#__managed_style_69D40061F03E86E3D2D6</styleUrl>
		<LineString>
			<coordinates>
				-73.7270166926459,45.4702860155555,0 -73.72731385122923,45.47033502327068,0 
			</coordinates>
		</LineString>
	</Placemark>
	<Placemark id="04C03F2E903E86A359DC">
		<name>Hold 24L - 06R</name>
		<LookAt>
			<longitude>-73.7218924845395</longitude>
			<latitude>45.47426971787485</latitude>
			<altitude>33.74115016161007</altitude>
			<heading>39.4299266408896</heading>
			<tilt>0</tilt>
			<gx:fovy>35</gx:fovy>
			<range>235.9103442386913</range>
			<altitudeMode>absolute</altitudeMode>
		</LookAt>
		<styleUrl>#__managed_style_69D40061F03E86E3D2D6</styleUrl>
		<LineString>
			<coordinates>
				-73.72203385463374,45.47436405864671,0 -73.72171797324323,45.47431684864853,0 
			</coordinates>
		</LineString>
	</Placemark>
	<Placemark id="06599773603E86A3D830">
		<name>Hold 06R - 24L</name>
		<LookAt>
			<longitude>-73.72119053246951</longitude>
			<latitude>45.47145106256735</latitude>
			<altitude>33.8943748887096</altitude>
			<heading>39.42979269987755</heading>
			<tilt>0</tilt>
			<gx:fovy>35</gx:fovy>
			<range>119.2846160410227</range>
			<altitudeMode>absolute</altitudeMode>
		</LookAt>
		<styleUrl>#__managed_style_69D40061F03E86E3D2D6</styleUrl>
		<LineString>
			<coordinates>
				-73.72121813535249,45.47152921216433,0 -73.72135785317845,45.47142524719521,0 
			</coordinates>
		</LineString>
	</Placemark>
	<Placemark id="0B3F2490283E86ABC09C">
		<name>Road</name>
		<LookAt>
			<longitude>-73.75028104953006</longitude>
			<latitude>45.47256269896451</latitude>
			<altitude>32.11651917934496</altitude>
			<heading>74.03873314137488</heading>
			<tilt>0</tilt>
			<gx:fovy>35</gx:fovy>
			<range>611.0036559991568</range>
			<altitudeMode>absolute</altitudeMode>
		</LookAt>
		<styleUrl>#__managed_style_C2EC5D77133E86E3D2D4</styleUrl>
		<LineString>
			<coordinates>
				-73.73625782194308,45.47673603310972,0 -73.73626048299887,45.47724215442913,0 -73.73615476066023,45.47808154956382,0 -73.73593816130267,45.47827499397813,0 -73.73334051175952,45.48024920158694,0 -73.73175046133383,45.48143367948105,0 -73.73138619903153,45.48194091747094,0 -73.73122804240052,45.48212376072023,0 -73.73048483592743,45.4826897373951,0 -73.72990072505988,45.48317040376445,0 -73.7297831883333,45.48326463662538,0 -73.72944308623522,45.48359107423241,0 -73.72913158382568,45.48381247490136,0 -73.72891650407311,45.4839169384456,0 -73.72874718835774,45.48400514205646,0 -73.72870528739767,45.48421392383464,0 -73.72877781102885,45.48433843693656,0 -73.73065305473558,45.48555891803678,0 -73.73103288265906,45.48571715948579,0 -73.73226657030484,45.48598775188151,0 -73.7339448402782,45.48665575631482,0 -73.73421104228547,45.48687632228035,0 -73.73446427306445,45.48717986781391,0 -73.73464786824205,45.48720220561735,0 -73.73528372254303,45.4869203740796,0 -73.74018334169094,45.48318504002802,0 -73.74025074906173,45.48300030537868,0 -73.74020407835087,45.48283370705204,0 -73.74006416236973,45.48263538814196,0 -73.74001209176498,45.48252042707406,0 -73.74009095295064,45.48240801432126,0 -73.74734747351832,45.47653384869575,0 -73.74758676180174,45.47645466195758,0 -73.74783098280916,45.47647274276966,0 -73.74869403307302,45.47699065629221,0 -73.75013366172915,45.4778919152092,0 -73.75036871476649,45.47792395137286,0 -73.75058661996532,45.47781457936421,0 -73.75211552259067,45.47654758509537,0 -73.75185598069768,45.47653107113144,0 -73.75082607538845,45.4758632241672,0 -73.75063311959237,45.47553606004121,0 -73.7504689821634,45.47288815221859,0 -73.75036639885775,45.47276782025824,0 -73.75028405079841,45.47272185562452,0 
			</coordinates>
		</LineString>
	</Placemark>
	<Placemark id="04EDAA05563E86DE9ABB">
		<name>Road</name>
		<LookAt>
			<longitude>-73.73882355455846</longitude>
			<latitude>45.46723572971262</latitude>
			<altitude>31.32885137391936</altitude>
			<heading>118.7444239069546</heading>
			<tilt>0</tilt>
			<gx:fovy>35</gx:fovy>
			<range>378.5537273448791</range>
			<altitudeMode>absolute</altitudeMode>
		</LookAt>
		<styleUrl>#__managed_style_C2EC5D77133E86E3D2D4</styleUrl>
		<LineString>
			<coordinates>
				-73.73763160477397,45.46669877032306,0 -73.73782086432072,45.46693645013539,0 -73.73832035042062,45.46724435260096,0 -73.73867167845445,45.46749889104265,0 -73.73896000623085,45.46762444196447,0 -73.73917511083552,45.46773986545707,0 -73.73945696567489,45.46791221300373,0 -73.73960590753467,45.4679612733387,0 
			</coordinates>
		</LineString>
	</Placemark>
	<Placemark id="09C47379193E86E17434">
		<name>ATC Tower</name>
		<LookAt>
			<longitude>-73.7515637606528</longitude>
			<latitude>45.45788896681781</latitude>
			<altitude>81.37822064008971</altitude>
			<heading>183.3709202474117</heading>
			<tilt>0</tilt>
			<gx:fovy>35</gx:fovy>
			<range>252.6630667007339</range>
			<altitudeMode>absolute</altitudeMode>
		</LookAt>
		<styleUrl>#__managed_style_00F156A9663E86E3D2D7</styleUrl>
		<Polygon>
			<outerBoundaryIs>
				<LinearRing>
					<coordinates>
						-73.75133457016571,45.45787807334554,0 -73.75133763980864,45.45800167479599,0 -73.75144526462341,45.45810680164882,0 -73.75161259275251,45.45811371468434,0 -73.75172595483861,45.45802151771616,0 -73.75172835321386,45.45786394830136,0 -73.7516269176604,45.45778187311175,0 -73.75145847732944,45.45778821122055,0 -73.75133457016571,45.45787807334554,0 
					</coordinates>
				</LinearRing>
			</outerBoundaryIs>
		</Polygon>
	</Placemark>
</Document>
</kml>
